Workbook

Sheet CHẤM VÂN TAY
A1: MÃ NV | B1: HỌ TÊN | C1: Phong ban | D1: NGÀY | E1: GIỜ BẤM TAY | F1: GIỜ VÀO | G1: GIỜ RA | H1: ĐI TRỄ | I1: VỀ SỚM | J1: CHẤM CÔNG | K1: TĂNG CA | L1: PHÉP NĂM | M1: PHỤ CẤP CƠM NGÀY CHỦ NHẬT | N1: GHI CHÚ | Q1: Check: Duyên, má 9 10/7 cúp điện
A2: 352339655 | B2: CAO THI BICH KHUONG | C2: BAC SI | D2: 46235 | E2: 08:09 19:26 | F2: =IFERROR(__xludf.DUMMYFUNCTION("MIN(ARRAYFORMULA(TIMEVALUE(SPLIT(E2,"" ""))))"),0.33958333333333335) -> 0.33958333 | G2: =IFERROR(__xludf.DUMMYFUNCTION("MAX(ARRAYFORMULA(TIMEVALUE(SPLIT(E2,"" ""))))"),0.8097222222222222) -> 0.80972222 | H2: 9 | J2: =IF(WEEKDAY(D2,2)=7,IF(AND(F2<TIME(8,15,0),G2>=TIME(11,55,0)),1,0)+IF(AND(F2<TIME(13,45,0),G2>=TIME(17,55,0)),1,0),IF(AND(F2<TIME(8,15,0),G2>=TIME(11,55,0)),1,0)+IF(AND(F2<TIME(13,45,0),G2>=TIME(17,25,0)),1,0)+IF(AND(F2<TIME(15,45,0),G2>=TIME(19,25,0)),1,0)) -> 3 | M2: =IF(WEEKDAY(D2,2)=7,IF(J2=2,1,""),"") | N2: Q7
A3: 39655 | B3: CAO THI BICH KHUONG | C3: BAC SI | D3: 46236 | E3: 07:57 07:57 18:01 18:01 18:01 | F3: =IFERROR(__xludf.DUMMYFUNCTION("MIN(ARRAYFORMULA(TIMEVALUE(SPLIT(E3,"" ""))))"),0.33125) -> 0.33125 | G3: =IFERROR(__xludf.DUMMYFUNCTION("MAX(ARRAYFORMULA(TIMEVALUE(SPLIT(E3,"" ""))))"),0.7506944444444444) -> 0.75069444 | J3: =IF(WEEKDAY(D3,2)=7,IF(AND(F3<TIME(8,15,0),G3>=TIME(11,55,0)),1,0)+IF(AND(F3<TIME(13,45,0),G3>=TIME(17,55,0)),1,0),IF(AND(F3<TIME(8,15,0),G3>=TIME(11,55,0)),1,0)+IF(AND(F3<TIME(13,45,0),G3>=TIME(17,25,0)),1,0)+IF(AND(F3<TIME(15,45,0),G3>=TIME(19,25,0)),1,0)) -> 2 | M3: =IF(WEEKDAY(D3,2)=7,IF(J3=2,1,""),"") -> 1 | O3: =CHOOSE(WEEKDAY(D3,2),"Hai","Ba","Tư","Năm","Sáu","Bảy","CN") -> CN
A4: 39655 | B4: CAO THI BICH KHUONG | C4: BAC SI | D4: 46237 | E4: 13:20 13:20 19:30 19:30 | F4: =IFERROR(__xludf.DUMMYFUNCTION("MIN(ARRAYFORMULA(TIMEVALUE(SPLIT(E4,"" ""))))"),0.5555555555555556) -> 0.55555556 | G4: =IFERROR(__xludf.DUMMYFUNCTION("MAX(ARRAYFORMULA(TIMEVALUE(SPLIT(E4,"" ""))))"),0.8125) -> 0.8125 | J4: =IF(WEEKDAY(D4,2)=7,IF(AND(F4<TIME(8,15,0),G4>=TIME(11,55,0)),1,0)+IF(AND(F4<TIME(13,45,0),G4>=TIME(17,55,0)),1,0),IF(AND(F4<TIME(8,15,0),G4>=TIME(11,55,0)),1,0)+IF(AND(F4<TIME(13,45,0),G4>=TIME(17,25,0)),1,0)+IF(AND(F4<TIME(15,45,0),G4>=TIME(19,25,0)),1,0)) -> 2 | M4: =IF(WEEKDAY(D4,2)=7,IF(J4=2,1,""),"") | O4: =CHOOSE(WEEKDAY(D4,2),"Hai","Ba","Tư","Năm","Sáu","Bảy","CN") -> Hai
A5: 39655 | B5: CAO THI BICH KHUONG | C5: BAC SI | D5: 46239 | E5: 13:27 13:27 19:31 19:31 | F5: =IFERROR(__xludf.DUMMYFUNCTION("MIN(ARRAYFORMULA(TIMEVALUE(SPLIT(E5,"" ""))))"),0.5604166666666667) -> 0.56041667 | G5: =IFERROR(__xludf.DUMMYFUNCTION("MAX(ARRAYFORMULA(TIMEVALUE(SPLIT(E5,"" ""))))"),0.8131944444444444) -> 0.81319444 | J5: =IF(WEEKDAY(D5,2)=7,IF(AND(F5<TIME(8,15,0),G5>=TIME(11,55,0)),1,0)+IF(AND(F5<TIME(13,45,0),G5>=TIME(17,55,0)),1,0),IF(AND(F5<TIME(8,15,0),G5>=TIME(11,55,0)),1,0)+IF(AND(F5<TIME(13,45,0),G5>=TIME(17,25,0)),1,0)+IF(AND(F5<TIME(15,45,0),G5>=TIME(19,25,0)),1,0)) -> 2 | M5: =IF(WEEKDAY(D5,2)=7,IF(J5=2,1,""),"") | O5: =CHOOSE(WEEKDAY(D5,2),"Hai","Ba","Tư","Năm","Sáu","Bảy","CN") -> Tư
A6: 39655 | B6: CAO THI BICH KHUONG | C6: BAC SI | D6: 46240 | E6: 07:58 07:58 19:30 | F6: =IFERROR(__xludf.DUMMYFUNCTION("MIN(ARRAYFORMULA(TIMEVALUE(SPLIT(E6,"" ""))))"),0.33194444444444443) -> 0.33194444 | G6: =IFERROR(__xludf.DUMMYFUNCTION("MAX(ARRAYFORMULA(TIMEVALUE(SPLIT(E6,"" ""))))"),0.8125) -> 0.8125 | J6: =IF(WEEKDAY(D6,2)=7,IF(AND(F6<TIME(8,15,0),G6>=TIME(11,55,0)),1,0)+IF(AND(F6<TIME(13,45,0),G6>=TIME(17,55,0)),1,0),IF(AND(F6<TIME(8,15,0),G6>=TIME(11,55,0)),1,0)+IF(AND(F6<TIME(13,45,0),G6>=TIME(17,25,0)),1,0)+IF(AND(F6<TIME(15,45,0),G6>=TIME(19,25,0)),1,0)) -> 3 | M6: =IF(WEEKDAY(D6,2)=7,IF(J6=2,1,""),"") | O6: =CHOOSE(WEEKDAY(D6,2),"Hai","Ba","Tư","Năm","Sáu","Bảy","CN") -> Năm
A7: 39655 | B7: CAO THI BICH KHUONG | C7: BAC SI | D7: 46241 | E7: 13:18 13:18 19:31 19:31 | F7: =IFERROR(__xludf.DUMMYFUNCTION("MIN(ARRAYFORMULA(TIMEVALUE(SPLIT(E7,"" ""))))"),0.5541666666666667) -> 0.55416667 | G7: =IFERROR(__xludf.DUMMYFUNCTION("MAX(ARRAYFORMULA(TIMEVALUE(SPLIT(E7,"" ""))))"),0.8131944444444444) -> 0.81319444 | J7: =IF(WEEKDAY(D7,2)=7,IF(AND(F7<TIME(8,15,0),G7>=TIME(11,55,0)),1,0)+IF(AND(F7<TIME(13,45,0),G7>=TIME(17,55,0)),1,0),IF(AND(F7<TIME(8,15,0),G7>=TIME(11,55,0)),1,0)+IF(AND(F7<TIME(13,45,0),G7>=TIME(17,25,0)),1,0)+IF(AND(F7<TIME(15,45,0),G7>=TIME(19,25,0)),1,0)) -> 2 | M7: =IF(WEEKDAY(D7,2)=7,IF(J7=2,1,""),"") | O7: =CHOOSE(WEEKDAY(D7,2),"Hai","Ba","Tư","Năm","Sáu","Bảy","CN") -> Sáu
A8: 352339655 | B8: CAO THI BICH KHUONG | C8: BAC SI | D8: 46242 | E8: 07:55 19:31 | F8: =IFERROR(__xludf.DUMMYFUNCTION("MIN(ARRAYFORMULA(TIMEVALUE(SPLIT(E8,"" ""))))"),0.3298611111111111) -> 0.32986111 | G8: =IFERROR(__xludf.DUMMYFUNCTION("MAX(ARRAYFORMULA(TIMEVALUE(SPLIT(E8,"" ""))))"),0.8131944444444444) -> 0.81319444 | J8: =IF(WEEKDAY(D8,2)=7,IF(AND(F8<TIME(8,15,0),G8>=TIME(11,55,0)),1,0)+IF(AND(F8<TIME(13,45,0),G8>=TIME(17,55,0)),1,0),IF(AND(F8<TIME(8,15,0),G8>=TIME(11,55,0)),1,0)+IF(AND(F8<TIME(13,45,0),G8>=TIME(17,25,0)),1,0)+IF(AND(F8<TIME(15,45,0),G8>=TIME(19,25,0)),1,0)) -> 3 | M8: =IF(WEEKDAY(D8,2)=7,IF(J8=2,1,""),"") | N8: Q7
A9: 39655 | B9: CAO THI BICH KHUONG | C9: BAC SI | D9: 46243 | E9: 07:55 07:55 18:00 18:00 | F9: =IFERROR(__xludf.DUMMYFUNCTION("MIN(ARRAYFORMULA(TIMEVALUE(SPLIT(E9,"" ""))))"),0.3298611111111111) -> 0.32986111 | G9: =IFERROR(__xludf.DUMMYFUNCTION("MAX(ARRAYFORMULA(TIMEVALUE(SPLIT(E9,"" ""))))"),0.75) -> 0.75 | J9: =IF(WEEKDAY(D9,2)=7,IF(AND(F9<TIME(8,15,0),G9>=TIME(11,55,0)),1,0)+IF(AND(F9<TIME(13,45,0),G9>=TIME(17,55,0)),1,0),IF(AND(F9<TIME(8,15,0),G9>=TIME(11,55,0)),1,0)+IF(AND(F9<TIME(13,45,0),G9>=TIME(17,25,0)),1,0)+IF(AND(F9<TIME(15,45,0),G9>=TIME(19,25,0)),1,0)) -> 2 | M9: =IF(WEEKDAY(D9,2)=7,IF(J9=2,1,""),"") -> 1 | O9: =CHOOSE(WEEKDAY(D9,2),"Hai","Ba","Tư","Năm","Sáu","Bảy","CN") -> CN
A10: 39655 | B10: CAO THI BICH KHUONG | C10: BAC SI | D10: 46244 | E10: 13:34 19:32 19:32 | F10: =IFERROR(__xludf.DUMMYFUNCTION("MIN(ARRAYFORMULA(TIMEVALUE(SPLIT(E10,"" ""))))"),0.5652777777777778) -> 0.56527778 | G10: =IFERROR(__xludf.DUMMYFUNCTION("MAX(ARRAYFORMULA(TIMEVALUE(SPLIT(E10,"" ""))))"),0.8138888888888889) -> 0.81388889 | J10: =IF(WEEKDAY(D10,2)=7,IF(AND(F10<TIME(8,15,0),G10>=TIME(11,55,0)),1,0)+IF(AND(F10<TIME(13,45,0),G10>=TIME(17,55,0)),1,0),IF(AND(F10<TIME(8,15,0),G10>=TIME(11,55,0)),1,0)+IF(AND(F10<TIME(13,45,0),G10>=TIME(17,25,0)),1,0)+IF(AND(F10<TIME(15,45,0),G10>=TIME(19,25,0)),1,0)) -> 2 | M10: =IF(WEEKDAY(D10,2)=7,IF(J10=2,1,""),"") | O10: =CHOOSE(WEEKDAY(D10,2),"Hai","Ba","Tư","Năm","Sáu","Bảy","CN") -> Hai
A11: 39655 | B11: CAO THI BICH KHUONG | C11: BAC SI | D11: 46248 | E11: 13:21 13:21 19:31 19:31 | F11: =IFERROR(__xludf.DUMMYFUNCTION("MIN(ARRAYFORMULA(TIMEVALUE(SPLIT(E11,"" ""))))"),0.55625) -> 0.55625 | G11: =IFERROR(__xludf.DUMMYFUNCTION("MAX(ARRAYFORMULA(TIMEVALUE(SPLIT(E11,"" ""))))"),0.8131944444444444) -> 0.81319444 | J11: =IF(WEEKDAY(D11,2)=7,IF(AND(F11<TIME(8,15,0),G11>=TIME(11,55,0)),1,0)+IF(AND(F11<TIME(13,45,0),G11>=TIME(17,55,0)),1,0),IF(AND(F11<TIME(8,15,0),G11>=TIME(11,55,0)),1,0)+IF(AND(F11<TIME(13,45,0),G11>=TIME(17,25,0)),1,0)+IF(AND(F11<TIME(15,45,0),G11>=TIME(19,25,0)),1,0)) -> 2 | M11: =IF(WEEKDAY(D11,2)=7,IF(J11=2,1,""),"") | O11: =CHOOSE(WEEKDAY(D11,2),"Hai","Ba","Tư","Năm","Sáu","Bảy","CN") -> Sáu
A12: 39655 | B12: CAO THI BICH KHUONG | C12: BAC SI | D12: 46249 | E12: 12:23 12:23 19:30 19:30 | F12: =IFERROR(__xludf.DUMMYFUNCTION("MIN(ARRAYFORMULA(TIMEVALUE(SPLIT(E12,"" ""))))"),0.5159722222222223) -> 0.51597222 | G12: =IFERROR(__xludf.DUMMYFUNCTION("MAX(ARRAYFORMULA(TIMEVALUE(SPLIT(E12,"" ""))))"),0.8125) -> 0.8125 | J12: =IF(WEEKDAY(D12,2)=7,IF(AND(F12<TIME(8,15,0),G12>=TIME(11,55,0)),1,0)+IF(AND(F12<TIME(13,45,0),G12>=TIME(17,55,0)),1,0),IF(AND(F12<TIME(8,15,0),G12>=TIME(11,55,0)),1,0)+IF(AND(F12<TIME(13,45,0),G12>=TIME(17,25,0)),1,0)+IF(AND(F12<TIME(15,45,0),G12>=TIME(19,25,0)),1,0)) -> 2 | M12: =IF(WEEKDAY(D12,2)=7,IF(J12=2,1,""),"") | O12: =CHOOSE(WEEKDAY(D12,2),"Hai","Ba","Tư","Năm","Sáu","Bảy","CN") -> Bảy
A13: 352339655 | B13: CAO THI BICH KHUONG | C13: BAC SI | D13: 46249 | E13: 07:54 12:08 | F13: =IFERROR(__xludf.DUMMYFUNCTION("MIN(ARRAYFORMULA(TIMEVALUE(SPLIT(E13,"" ""))))"),0.32916666666666666) -> 0.32916667 | G13: =IFERROR(__xludf.DUMMYFUNCTION("MAX(ARRAYFORMULA(TIMEVALUE(SPLIT(E13,"" ""))))"),0.5055555555555555) -> 0.50555556 | J13: =IF(WEEKDAY(D13,2)=7,IF(AND(F13<TIME(8,15,0),G13>=TIME(11,55,0)),1,0)+IF(AND(F13<TIME(13,45,0),G13>=TIME(17,55,0)),1,0),IF(AND(F13<TIME(8,15,0),G13>=TIME(11,55,0)),1,0)+IF(AND(F13<TIME(13,45,0),G13>=TIME(17,25,0)),1,0)+IF(AND(F13<TIME(15,45,0),G13>=TIME(19,25,0)),1,0)) -> 1 | M13: =IF(WEEKDAY(D13,2)=7,IF(J13=2,1,""),"") | N13: Q7
A14: 39655 | B14: CAO THI BICH KHUONG | C14: BAC SI | D14: 46250 | E14: 07:55 07:55 18:01 18:01 | F14: =IFERROR(__xludf.DUMMYFUNCTION("MIN(ARRAYFORMULA(TIMEVALUE(SPLIT(E14,"" ""))))"),0.3298611111111111) -> 0.32986111 | G14: =IFERROR(__xludf.DUMMYFUNCTION("MAX(ARRAYFORMULA(TIMEVALUE(SPLIT(E14,"" ""))))"),0.7506944444444444) -> 0.75069444 | J14: =IF(WEEKDAY(D14,2)=7,IF(AND(F14<TIME(8,15,0),G14>=TIME(11,55,0)),1,0)+IF(AND(F14<TIME(13,45,0),G14>=TIME(17,55,0)),1,0),IF(AND(F14<TIME(8,15,0),G14>=TIME(11,55,0)),1,0)+IF(AND(F14<TIME(13,45,0),G14>=TIME(17,25,0)),1,0)+IF(AND(F14<TIME(15,45,0),G14>=TIME(19,25,0)),1,0)) -> 2 | M14: =IF(WEEKDAY(D14,2)=7,IF(J14=2,1,""),"") -> 1 | O14: =CHOOSE(WEEKDAY(D14,2),"Hai","Ba","Tư","Năm","Sáu","Bảy","CN") -> CN
A15: 39655 | B15: CAO THI BICH KHUONG | C15: BAC SI | D15: 46251 | E15: 13:25 13:25 19:32 19:32 | F15: =IFERROR(__xludf.DUMMYFUNCTION("MIN(ARRAYFORMULA(TIMEVALUE(SPLIT(E15,"" ""))))"),0.5590277777777778) -> 0.55902778 | G15: =IFERROR(__xludf.DUMMYFUNCTION("MAX(ARRAYFORMULA(TIMEVALUE(SPLIT(E15,"" ""))))"),0.8138888888888889) -> 0.81388889 | J15: =IF(WEEKDAY(D15,2)=7,IF(AND(F15<TIME(8,15,0),G15>=TIME(11,55,0)),1,0)+IF(AND(F15<TIME(13,45,0),G15>=TIME(17,55,0)),1,0),IF(AND(F15<TIME(8,15,0),G15>=TIME(11,55,0)),1,0)+IF(AND(F15<TIME(13,45,0),G15>=TIME(17,25,0)),1,0)+IF(AND(F15<TIME(15,45,0),G15>=TIME(19,25,0)),1,0)) -> 2 | M15: =IF(WEEKDAY(D15,2)=7,IF(J15=2,1,""),"") | O15: =CHOOSE(WEEKDAY(D15,2),"Hai","Ba","Tư","Năm","Sáu","Bảy","CN") -> Hai
A16: 39655 | B16: CAO THI BICH KHUONG | C16: BAC SI | D16: 46253 | E16: 13:31 13:31 19:30 19:30 | F16: =IFERROR(__xludf.DUMMYFUNCTION("MIN(ARRAYFORMULA(TIMEVALUE(SPLIT(E16,"" ""))))"),0.5631944444444444) -> 0.56319444 | G16: =IFERROR(__xludf.DUMMYFUNCTION("MAX(ARRAYFORMULA(TIMEVALUE(SPLIT(E16,"" ""))))"),0.8125) -> 0.8125 | J16: =IF(WEEKDAY(D16,2)=7,IF(AND(F16<TIME(8,15,0),G16>=TIME(11,55,0)),1,0)+IF(AND(F16<TIME(13,45,0),G16>=TIME(17,55,0)),1,0),IF(AND(F16<TIME(8,15,0),G16>=TIME(11,55,0)),1,0)+IF(AND(F16<TIME(13,45,0),G16>=TIME(17,25,0)),1,0)+IF(AND(F16<TIME(15,45,0),G16>=TIME(19,25,0)),1,0)) -> 2 | M16: =IF(WEEKDAY(D16,2)=7,IF(J16=2,1,""),"") | O16: =CHOOSE(WEEKDAY(D16,2),"Hai","Ba","Tư","Năm","Sáu","Bảy","CN") -> Tư
A17: 352339655 | B17: CAO THI BICH KHUONG | C17: BAC SI | D17: 46254 | E17: 07:52 19:33 | F17: =IFERROR(__xludf.DUMMYFUNCTION("MIN(ARRAYFORMULA(TIMEVALUE(SPLIT(E17,"" ""))))"),0.3277777777777778) -> 0.32777778 | G17: =IFERROR(__xludf.DUMMYFUNCTION("MAX(ARRAYFORMULA(TIMEVALUE(SPLIT(E17,"" ""))))"),0.8145833333333333) -> 0.81458333 | J17: =IF(WEEKDAY(D17,2)=7,IF(AND(F17<TIME(8,15,0),G17>=TIME(11,55,0)),1,0)+IF(AND(F17<TIME(13,45,0),G17>=TIME(17,55,0)),1,0),IF(AND(F17<TIME(8,15,0),G17>=TIME(11,55,0)),1,0)+IF(AND(F17<TIME(13,45,0),G17>=TIME(17,25,0)),1,0)+IF(AND(F17<TIME(15,45,0),G17>=TIME(19,25,0)),1,0)) -> 3 | M17: =IF(WEEKDAY(D17,2)=7,IF(J17=2,1,""),"") | N17: Q7
A18: 39655 | B18: CAO THI BICH KHUONG | C18: BAC SI | D18: 46255 | E18: 13:12 13:12 19:30 19:30 | F18: =IFERROR(__xludf.DUMMYFUNCTION("MIN(ARRAYFORMULA(TIMEVALUE(SPLIT(E18,"" ""))))"),0.55) -> 0.55 | G18: =IFERROR(__xludf.DUMMYFUNCTION("MAX(ARRAYFORMULA(TIMEVALUE(SPLIT(E18,"" ""))))"),0.8125) -> 0.8125 | J18: =IF(WEEKDAY(D18,2)=7,IF(AND(F18<TIME(8,15,0),G18>=TIME(11,55,0)),1,0)+IF(AND(F18<TIME(13,45,0),G18>=TIME(17,55,0)),1,0),IF(AND(F18<TIME(8,15,0),G18>=TIME(11,55,0)),1,0)+IF(AND(F18<TIME(13,45,0),G18>=TIME(17,25,0)),1,0)+IF(AND(F18<TIME(15,45,0),G18>=TIME(19,25,0)),1,0)) -> 2 | M18: =IF(WEEKDAY(D18,2)=7,IF(J18=2,1,""),"") | O18: =CHOOSE(WEEKDAY(D18,2),"Hai","Ba","Tư","Năm","Sáu","Bảy","CN") -> Sáu
A19: 352339655 | B19: CAO THI BICH KHUONG | C19: BAC SI | D19: 46256 | E19: 07:52 19:31 | F19: =IFERROR(__xludf.DUMMYFUNCTION("MIN(ARRAYFORMULA(TIMEVALUE(SPLIT(E19,"" ""))))"),0.3277777777777778) -> 0.32777778 | G19: =IFERROR(__xludf.DUMMYFUNCTION("MAX(ARRAYFORMULA(TIMEVALUE(SPLIT(E19,"" ""))))"),0.8131944444444444) -> 0.81319444 | J19: =IF(WEEKDAY(D19,2)=7,IF(AND(F19<TIME(8,15,0),G19>=TIME(11,55,0)),1,0)+IF(AND(F19<TIME(13,45,0),G19>=TIME(17,55,0)),1,0),IF(AND(F19<TIME(8,15,0),G19>=TIME(11,55,0)),1,0)+IF(AND(F19<TIME(13,45,0),G19>=TIME(17,25,0)),1,0)+IF(AND(F19<TIME(15,45,0),G19>=TIME(19,25,0)),1,0)) -> 3 | M19: =IF(WEEKDAY(D19,2)=7,IF(J19=2,1,""),"") | N19: Q7
A20: 39655 | B20: CAO THI BICH KHUONG | C20: BAC SI | D20: 46257 | E20: 07:57 07:57 12:00 12:00 | F20: =IFERROR(__xludf.DUMMYFUNCTION("MIN(ARRAYFORMULA(TIMEVALUE(SPLIT(E20,"" ""))))"),0.33125) -> 0.33125 | G20: =IFERROR(__xludf.DUMMYFUNCTION("MAX(ARRAYFORMULA(TIMEVALUE(SPLIT(E20,"" ""))))"),0.5) -> 0.5 | J20: =IF(WEEKDAY(D20,2)=7,IF(AND(F20<TIME(8,15,0),G20>=TIME(11,55,0)),1,0)+IF(AND(F20<TIME(13,45,0),G20>=TIME(17,55,0)),1,0),IF(AND(F20<TIME(8,15,0),G20>=TIME(11,55,0)),1,0)+IF(AND(F20<TIME(13,45,0),G20>=TIME(17,25,0)),1,0)+IF(AND(F20<TIME(15,45,0),G20>=TIME(19,25,0)),1,0)) -> 1 | M20: =IF(WEEKDAY(D20,2)=7,IF(J20=2,1,""),"") | O20: =CHOOSE(WEEKDAY(D20,2),"Hai","Ba","Tư","Năm","Sáu","Bảy","CN") -> CN
A21: 39655 | B21: CAO THI BICH KHUONG | C21: BAC SI | D21: 46258 | E21: 13:21 13:21 19:32 19:32 | F21: =IFERROR(__xludf.DUMMYFUNCTION("MIN(ARRAYFORMULA(TIMEVALUE(SPLIT(E21,"" ""))))"),0.55625) -> 0.55625 | G21: =IFERROR(__xludf.DUMMYFUNCTION("MAX(ARRAYFORMULA(TIMEVALUE(SPLIT(E21,"" ""))))"),0.8138888888888889) -> 0.81388889 | J21: =IF(WEEKDAY(D21,2)=7,IF(AND(F21<TIME(8,15,0),G21>=TIME(11,55,0)),1,0)+IF(AND(F21<TIME(13,45,0),G21>=TIME(17,55,0)),1,0),IF(AND(F21<TIME(8,15,0),G21>=TIME(11,55,0)),1,0)+IF(AND(F21<TIME(13,45,0),G21>=TIME(17,25,0)),1,0)+IF(AND(F21<TIME(15,45,0),G21>=TIME(19,25,0)),1,0)) -> 2 | M21: =IF(WEEKDAY(D21,2)=7,IF(J21=2,1,""),"") | O21: =CHOOSE(WEEKDAY(D21,2),"Hai","Ba","Tư","Năm","Sáu","Bảy","CN") -> Hai
A22: 39655 | B22: CAO THI BICH KHUONG | C22: BAC SI | D22: 46260 | E22: 13:23 13:23 19:30 19:30 | F22: =IFERROR(__xludf.DUMMYFUNCTION("MIN(ARRAYFORMULA(TIMEVALUE(SPLIT(E22,"" ""))))"),0.5576388888888889) -> 0.55763889 | G22: =IFERROR(__xludf.DUMMYFUNCTION("MAX(ARRAYFORMULA(TIMEVALUE(SPLIT(E22,"" ""))))"),0.8125) -> 0.8125 | J22: =IF(WEEKDAY(D22,2)=7,IF(AND(F22<TIME(8,15,0),G22>=TIME(11,55,0)),1,0)+IF(AND(F22<TIME(13,45,0),G22>=TIME(17,55,0)),1,0),IF(AND(F22<TIME(8,15,0),G22>=TIME(11,55,0)),1,0)+IF(AND(F22<TIME(13,45,0),G22>=TIME(17,25,0)),1,0)+IF(AND(F22<TIME(15,45,0),G22>=TIME(19,25,0)),1,0)) -> 2 | M22: =IF(WEEKDAY(D22,2)=7,IF(J22=2,1,""),"") | O22: =CHOOSE(WEEKDAY(D22,2),"Hai","Ba","Tư","Năm","Sáu","Bảy","CN") -> Tư
A23: 352339655 | B23: CAO THI BICH KHUONG | C23: BAC SI | D23: 46261 | E23: 08:01 19:30 | F23: =IFERROR(__xludf.DUMMYFUNCTION("MIN(ARRAYFORMULA(TIMEVALUE(SPLIT(E23,"" ""))))"),0.33402777777777776) -> 0.33402778 | G23: =IFERROR(__xludf.DUMMYFUNCTION("MAX(ARRAYFORMULA(TIMEVALUE(SPLIT(E23,"" ""))))"),0.8125) -> 0.8125 | H23: 1 | J23: =IF(WEEKDAY(D23,2)=7,IF(AND(F23<TIME(8,15,0),G23>=TIME(11,55,0)),1,0)+IF(AND(F23<TIME(13,45,0),G23>=TIME(17,55,0)),1,0),IF(AND(F23<TIME(8,15,0),G23>=TIME(11,55,0)),1,0)+IF(AND(F23<TIME(13,45,0),G23>=TIME(17,25,0)),1,0)+IF(AND(F23<TIME(15,45,0),G23>=TIME(19,25,0)),1,0)) -> 3 | M23: =IF(WEEKDAY(D23,2)=7,IF(J23=2,1,""),"") | N23: Q1 | O23: =CHOOSE(WEEKDAY(D23,2),"Hai","Ba","Tư","Năm","Sáu","Bảy","CN") -> Năm
A24: 39655 | B24: CAO THI BICH KHUONG | C24: BAC SI | D24: 46262 | E24: 13:27 13:27 19:30 19:30 | F24: =IFERROR(__xludf.DUMMYFUNCTION("MIN(ARRAYFORMULA(TIMEVALUE(SPLIT(E24,"" ""))))"),0.5604166666666667) -> 0.56041667 | G24: =IFERROR(__xludf.DUMMYFUNCTION("MAX(ARRAYFORMULA(TIMEVALUE(SPLIT(E24,"" ""))))"),0.8125) -> 0.8125 | J24: =IF(WEEKDAY(D24,2)=7,IF(AND(F24<TIME(8,15,0),G24>=TIME(11,55,0)),1,0)+IF(AND(F24<TIME(13,45,0),G24>=TIME(17,55,0)),1,0),IF(AND(F24<TIME(8,15,0),G24>=TIME(11,55,0)),1,0)+IF(AND(F24<TIME(13,45,0),G24>=TIME(17,25,0)),1,0)+IF(AND(F24<TIME(15,45,0),G24>=TIME(19,25,0)),1,0)) -> 2 | M24: =IF(WEEKDAY(D24,2)=7,IF(J24=2,1,""),"") | O24: =CHOOSE(WEEKDAY(D24,2),"Hai","Ba","Tư","Năm","Sáu","Bảy","CN") -> Sáu
A25: 39655 | B25: CAO THI BICH KHUONG | C25: BAC SI | D25: 46263 | E25: 07:55 07:55 19:31 19:31 | F25: =IFERROR(__xludf.DUMMYFUNCTION("MIN(ARRAYFORMULA(TIMEVALUE(SPLIT(E25,"" ""))))"),0.3298611111111111) -> 0.32986111 | G25: =IFERROR(__xludf.DUMMYFUNCTION("MAX(ARRAYFORMULA(TIMEVALUE(SPLIT(E25,"" ""))))"),0.8131944444444444) -> 0.81319444 | J25: =IF(WEEKDAY(D25,2)=7,IF(AND(F25<TIME(8,15,0),G25>=TIME(11,55,0)),1,0)+IF(AND(F25<TIME(13,45,0),G25>=TIME(17,55,0)),1,0),IF(AND(F25<TIME(8,15,0),G25>=TIME(11,55,0)),1,0)+IF(AND(F25<TIME(13,45,0),G25>=TIME(17,25,0)),1,0)+IF(AND(F25<TIME(15,45,0),G25>=TIME(19,25,0)),1,0)) -> 3 | M25: =IF(WEEKDAY(D25,2)=7,IF(J25=2,1,""),"") | O25: =CHOOSE(WEEKDAY(D25,2),"Hai","Ba","Tư","Năm","Sáu","Bảy","CN") -> Bảy
A26: 39655 | B26: CAO THI BICH KHUONG | C26: BAC SI | D26: 46264 | E26: 07:56 07:56 18:00 18:00 | F26: =IFERROR(__xludf.DUMMYFUNCTION("MIN(ARRAYFORMULA(TIMEVALUE(SPLIT(E26,"" ""))))"),0.33055555555555555) -> 0.33055556 | G26: =IFERROR(__xludf.DUMMYFUNCTION("MAX(ARRAYFORMULA(TIMEVALUE(SPLIT(E26,"" ""))))"),0.75) -> 0.75 | J26: =IF(WEEKDAY(D26,2)=7,IF(AND(F26<TIME(8,15,0),G26>=TIME(11,55,0)),1,0)+IF(AND(F26<TIME(13,45,0),G26>=TIME(17,55,0)),1,0),IF(AND(F26<TIME(8,15,0),G26>=TIME(11,55,0)),1,0)+IF(AND(F26<TIME(13,45,0),G26>=TIME(17,25,0)),1,0)+IF(AND(F26<TIME(15,45,0),G26>=TIME(19,25,0)),1,0)) -> 2 | M26: =IF(WEEKDAY(D26,2)=7,IF(J26=2,1,""),"") -> 1 | O26: =CHOOSE(WEEKDAY(D26,2),"Hai","Ba","Tư","Năm","Sáu","Bảy","CN") -> CN
A27: 39655 | B27: CAO THI BICH KHUONG | C27: BAC SI | D27: 46265 | E27: 13:34 19:30 19:30 | F27: =IFERROR(__xludf.DUMMYFUNCTION("MIN(ARRAYFORMULA(TIMEVALUE(SPLIT(E27,"" ""))))"),0.5652777777777778) -> 0.56527778 | G27: =IFERROR(__xludf.DUMMYFUNCTION("MAX(ARRAYFORMULA(TIMEVALUE(SPLIT(E27,"" ""))))"),0.8125) -> 0.8125 | J27: =IF(WEEKDAY(D27,2)=7,IF(AND(F27<TIME(8,15,0),G27>=TIME(11,55,0)),1,0)+IF(AND(F27<TIME(13,45,0),G27>=TIME(17,55,0)),1,0),IF(AND(F27<TIME(8,15,0),G27>=TIME(11,55,0)),1,0)+IF(AND(F27<TIME(13,45,0),G27>=TIME(17,25,0)),1,0)+IF(AND(F27<TIME(15,45,0),G27>=TIME(19,25,0)),1,0)) -> 2 | M27: =IF(WEEKDAY(D27,2)=7,IF(J27=2,1,""),"") | O27: =CHOOSE(WEEKDAY(D27,2),"Hai","Ba","Tư","Năm","Sáu","Bảy","CN") -> Hai
A28: 74798 | B28: DO PHU DUC | C28: BAC SI | D28: 46235 | E28: 08:22 19:30 | F28: =IFERROR(__xludf.DUMMYFUNCTION("MIN(ARRAYFORMULA(TIMEVALUE(SPLIT(E28,"" ""))))"),0.3486111111111111) -> 0.34861111 | G28: =IFERROR(__xludf.DUMMYFUNCTION("MAX(ARRAYFORMULA(TIMEVALUE(SPLIT(E28,"" ""))))"),0.8125) -> 0.8125 | H28: 22 | J28: =IF(WEEKDAY(D28,2)=7,IF(AND(F28<TIME(8,15,0),G28>=TIME(11,55,0)),1,0)+IF(AND(F28<TIME(13,45,0),G28>=TIME(17,55,0)),1,0),IF(AND(F28<TIME(8,15,0),G28>=TIME(11,55,0)),1,0)+IF(AND(F28<TIME(13,45,0),G28>=TIME(17,25,0)),1,0)+IF(AND(F28<TIME(15,45,0),G28>=TIME(19,25,0)),1,0)) -> 2 | M28: =IF(WEEKDAY(D28,2)=7,IF(J28=2,1,""),"") | O28: =CHOOSE(WEEKDAY(D28,2),"Hai","Ba","Tư","Năm","Sáu","Bảy","CN") -> Bảy
A29: 74798 | B29: DO PHU DUC | C29: BAC SI | D29: 46236 | E29: 07:53 18:12 | F29: =IFERROR(__xludf.DUMMYFUNCTION("MIN(ARRAYFORMULA(TIMEVALUE(SPLIT(E29,"" ""))))"),0.3284722222222222) -> 0.32847222 | G29: =IFERROR(__xludf.DUMMYFUNCTION("MAX(ARRAYFORMULA(TIMEVALUE(SPLIT(E29,"" ""))))"),0.7583333333333333) -> 0.75833333 | J29: =IF(WEEKDAY(D29,2)=7,IF(AND(F29<TIME(8,15,0),G29>=TIME(11,55,0)),1,0)+IF(AND(F29<TIME(13,45,0),G29>=TIME(17,55,0)),1,0),IF(AND(F29<TIME(8,15,0),G29>=TIME(11,55,0)),1,0)+IF(AND(F29<TIME(13,45,0),G29>=TIME(17,25,0)),1,0)+IF(AND(F29<TIME(15,45,0),G29>=TIME(19,25,0)),1,0)) -> 2 | M29: =IF(WEEKDAY(D29,2)=7,IF(J29=2,1,""),"") -> 1 | O29: =CHOOSE(WEEKDAY(D29,2),"Hai","Ba","Tư","Năm","Sáu","Bảy","CN") -> CN
A30: 74798 | B30: DO PHU DUC | C30: BAC SI | D30: 46237 | E30: 07:58 19:30 | F30: =IFERROR(__xludf.DUMMYFUNCTION("MIN(ARRAYFORMULA(TIMEVALUE(SPLIT(E30,"" ""))))"),0.33194444444444443) -> 0.33194444 | G30: =IFERROR(__xludf.DUMMYFUNCTION("MAX(ARRAYFORMULA(TIMEVALUE(SPLIT(E30,"" ""))))"),0.8125) -> 0.8125 | J30: =IF(WEEKDAY(D30,2)=7,IF(AND(F30<TIME(8,15,0),G30>=TIME(11,55,0)),1,0)+IF(AND(F30<TIME(13,45,0),G30>=TIME(17,55,0)),1,0),IF(AND(F30<TIME(8,15,0),G30>=TIME(11,55,0)),1,0)+IF(AND(F30<TIME(13,45,0),G30>=TIME(17,25,0)),1,0)+IF(AND(F30<TIME(15,45,0),G30>=TIME(19,25,0)),1,0)) -> 3 | M30: =IF(WEEKDAY(D30,2)=7,IF(J30=2,1,""),"") | O30: =CHOOSE(WEEKDAY(D30,2),"Hai","Ba","Tư","Năm","Sáu","Bảy","CN") -> Hai
A31: 74798 | B31: DO PHU DUC | C31: BAC SI | D31: 46239 | E31: 07:56 19:30 | F31: =IFERROR(__xludf.DUMMYFUNCTION("MIN(ARRAYFORMULA(TIMEVALUE(SPLIT(E31,"" ""))))"),0.33055555555555555) -> 0.33055556 | G31: =IFERROR(__xludf.DUMMYFUNCTION("MAX(ARRAYFORMULA(TIMEVALUE(SPLIT(E31,"" ""))))"),0.8125) -> 0.8125 | J31: =IF(WEEKDAY(D31,2)=7,IF(AND(F31<TIME(8,15,0),G31>=TIME(11,55,0)),1,0)+IF(AND(F31<TIME(13,45,0),G31>=TIME(17,55,0)),1,0),IF(AND(F31<TIME(8,15,0),G31>=TIME(11,55,0)),1,0)+IF(AND(F31<TIME(13,45,0),G31>=TIME(17,25,0)),1,0)+IF(AND(F31<TIME(15,45,0),G31>=TIME(19,25,0)),1,0)) -> 3 | M31: =IF(WEEKDAY(D31,2)=7,IF(J31=2,1,""),"") | O31: =CHOOSE(WEEKDAY(D31,2),"Hai","Ba","Tư","Năm","Sáu","Bảy","CN") -> Tư
A32: 74798 | B32: DO PHU DUC | C32: BAC SI | D32: 46240 | E32: 08:00 19:30 | F32: =IFERROR(__xludf.DUMMYFUNCTION("MIN(ARRAYFORMULA(TIMEVALUE(SPLIT(E32,"" ""))))"),0.3333333333333333) -> 0.33333333 | G32: =IFERROR(__xludf.DUMMYFUNCTION("MAX(ARRAYFORMULA(TIMEVALUE(SPLIT(E32,"" ""))))"),0.8125) -> 0.8125 | J32: =IF(WEEKDAY(D32,2)=7,IF(AND(F32<TIME(8,15,0),G32>=TIME(11,55,0)),1,0)+IF(AND(F32<TIME(13,45,0),G32>=TIME(17,55,0)),1,0),IF(AND(F32<TIME(8,15,0),G32>=TIME(11,55,0)),1,0)+IF(AND(F32<TIME(13,45,0),G32>=TIME(17,25,0)),1,0)+IF(AND(F32<TIME(15,45,0),G32>=TIME(19,25,0)),1,0)) -> 3 | M32: =IF(WEEKDAY(D32,2)=7,IF(J32=2,1,""),"") | O32: =CHOOSE(WEEKDAY(D32,2),"Hai","Ba","Tư","Năm","Sáu","Bảy","CN") -> Năm
A33: 74798 | B33: DO PHU DUC | C33: BAC SI | D33: 46241 | E33: 08:05 19:31 | F33: =IFERROR(__xludf.DUMMYFUNCTION("MIN(ARRAYFORMULA(TIMEVALUE(SPLIT(E33,"" ""))))"),0.3368055555555556) -> 0.33680556 | G33: =IFERROR(__xludf.DUMMYFUNCTION("MAX(ARRAYFORMULA(TIMEVALUE(SPLIT(E33,"" ""))))"),0.8131944444444444) -> 0.81319444 | H33: 5 | J33: =IF(WEEKDAY(D33,2)=7,IF(AND(F33<TIME(8,15,0),G33>=TIME(11,55,0)),1,0)+IF(AND(F33<TIME(13,45,0),G33>=TIME(17,55,0)),1,0),IF(AND(F33<TIME(8,15,0),G33>=TIME(11,55,0)),1,0)+IF(AND(F33<TIME(13,45,0),G33>=TIME(17,25,0)),1,0)+IF(AND(F33<TIME(15,45,0),G33>=TIME(19,25,0)),1,0)) -> 3 | M33: =IF(WEEKDAY(D33,2)=7,IF(J33=2,1,""),"") | O33: =CHOOSE(WEEKDAY(D33,2),"Hai","Ba","Tư","Năm","Sáu","Bảy","CN") -> Sáu
A34: 74798 | B34: DO PHU DUC | C34: BAC SI | D34: 46243 | E34: 07:55 18:00 | F34: =IFERROR(__xludf.DUMMYFUNCTION("MIN(ARRAYFORMULA(TIMEVALUE(SPLIT(E34,"" ""))))"),0.3298611111111111) -> 0.32986111 | G34: =IFERROR(__xludf.DUMMYFUNCTION("MAX(ARRAYFORMULA(TIMEVALUE(SPLIT(E34,"" ""))))"),0.75) -> 0.75 | J34: =IF(WEEKDAY(D34,2)=7,IF(AND(F34<TIME(8,15,0),G34>=TIME(11,55,0)),1,0)+IF(AND(F34<TIME(13,45,0),G34>=TIME(17,55,0)),1,0),IF(AND(F34<TIME(8,15,0),G34>=TIME(11,55,0)),1,0)+IF(AND(F34<TIME(13,45,0),G34>=TIME(17,25,0)),1,0)+IF(AND(F34<TIME(15,45,0),G34>=TIME(19,25,0)),1,0)) -> 2 | M34: =IF(WEEKDAY(D34,2)=7,IF(J34=2,1,""),"") -> 1 | O34: =CHOOSE(WEEKDAY(D34,2),"Hai","Ba","Tư","Năm","Sáu","Bảy","CN") -> CN
A35: 74798 | B35: DO PHU DUC | C35: BAC SI | D35: 46244 | E35: 08:05 19:30 | F35: =IFERROR(__xludf.DUMMYFUNCTION("MIN(ARRAYFORMULA(TIMEVALUE(SPLIT(E35,"" ""))))"),0.3368055555555556) -> 0.33680556 | G35: =IFERROR(__xludf.DUMMYFUNCTION("MAX(ARRAYFORMULA(TIMEVALUE(SPLIT(E35,"" ""))))"),0.8125) -> 0.8125 | H35: 5 | J35: =IF(WEEKDAY(D35,2)=7,IF(AND(F35<TIME(8,15,0),G35>=TIME(11,55,0)),1,0)+IF(AND(F35<TIME(13,45,0),G35>=TIME(17,55,0)),1,0),IF(AND(F35<TIME(8,15,0),G35>=TIME(11,55,0)),1,0)+IF(AND(F35<TIME(13,45,0),G35>=TIME(17,25,0)),1,0)+IF(AND(F35<TIME(15,45,0),G35>=TIME(19,25,0)),1,0)) -> 3 | M35: =IF(WEEKDAY(D35,2)=7,IF(J35=2,1,""),"") | O35: =CHOOSE(WEEKDAY(D35,2),"Hai","Ba","Tư","Năm","Sáu","Bảy","CN") -> Hai
A36: 74798 | B36: DO PHU DUC | C36: BAC SI | D36: 46248 | E36: 08:07 19:30 | F36: =IFERROR(__xludf.DUMMYFUNCTION("MIN(ARRAYFORMULA(TIMEVALUE(SPLIT(E36,"" ""))))"),0.33819444444444446) -> 0.33819444 | G36: =IFERROR(__xludf.DUMMYFUNCTION("MAX(ARRAYFORMULA(TIMEVALUE(SPLIT(E36,"" ""))))"),0.8125) -> 0.8125 | H36: 7 | J36: =IF(WEEKDAY(D36,2)=7,IF(AND(F36<TIME(8,15,0),G36>=TIME(11,55,0)),1,0)+IF(AND(F36<TIME(13,45,0),G36>=TIME(17,55,0)),1,0),IF(AND(F36<TIME(8,15,0),G36>=TIME(11,55,0)),1,0)+IF(AND(F36<TIME(13,45,0),G36>=TIME(17,25,0)),1,0)+IF(AND(F36<TIME(15,45,0),G36>=TIME(19,25,0)),1,0)) -> 3 | M36: =IF(WEEKDAY(D36,2)=7,IF(J36=2,1,""),"") | O36: =CHOOSE(WEEKDAY(D36,2),"Hai","Ba","Tư","Năm","Sáu","Bảy","CN") -> Sáu
A37: 74798 | B37: DO PHU DUC | C37: BAC SI | D37: 46249 | E37: 07:59 19:30 | F37: =IFERROR(__xludf.DUMMYFUNCTION("MIN(ARRAYFORMULA(TIMEVALUE(SPLIT(E37,"" ""))))"),0.3326388888888889) -> 0.33263889 | G37: =IFERROR(__xludf.DUMMYFUNCTION("MAX(ARRAYFORMULA(TIMEVALUE(SPLIT(E37,"" ""))))"),0.8125) -> 0.8125 | J37: =IF(WEEKDAY(D37,2)=7,IF(AND(F37<TIME(8,15,0),G37>=TIME(11,55,0)),1,0)+IF(AND(F37<TIME(13,45,0),G37>=TIME(17,55,0)),1,0),IF(AND(F37<TIME(8,15,0),G37>=TIME(11,55,0)),1,0)+IF(AND(F37<TIME(13,45,0),G37>=TIME(17,25,0)),1,0)+IF(AND(F37<TIME(15,45,0),G37>=TIME(19,25,0)),1,0)) -> 3 | M37: =IF(WEEKDAY(D37,2)=7,IF(J37=2,1,""),"") | O37: =CHOOSE(WEEKDAY(D37,2),"Hai","Ba","Tư","Năm","Sáu","Bảy","CN") -> Bảy
A38: 74798 | B38: DO PHU DUC | C38: BAC SI | D38: 46250 | E38: 08:05 18:01 | F38: =IFERROR(__xludf.DUMMYFUNCTION("MIN(ARRAYFORMULA(TIMEVALUE(SPLIT(E38,"" ""))))"),0.3368055555555556) -> 0.33680556 | G38: =IFERROR(__xludf.DUMMYFUNCTION("MAX(ARRAYFORMULA(TIMEVALUE(SPLIT(E38,"" ""))))"),0.7506944444444444) -> 0.75069444 | H38: 5 | J38: =IF(WEEKDAY(D38,2)=7,IF(AND(F38<TIME(8,15,0),G38>=TIME(11,55,0)),1,0)+IF(AND(F38<TIME(13,45,0),G38>=TIME(17,55,0)),1,0),IF(AND(F38<TIME(8,15,0),G38>=TIME(11,55,0)),1,0)+IF(AND(F38<TIME(13,45,0),G38>=TIME(17,25,0)),1,0)+IF(AND(F38<TIME(15,45,0),G38>=TIME(19,25,0)),1,0)) -> 2 | M38: =IF(WEEKDAY(D38,2)=7,IF(J38=2,1,""),"") -> 1 | O38: =CHOOSE(WEEKDAY(D38,2),"Hai","Ba","Tư","Năm","Sáu","Bảy","CN") -> CN
A39: 74798 | B39: DO PHU DUC | C39: BAC SI | D39: 46251 | E39: 08:00 19:36 | F39: =IFERROR(__xludf.DUMMYFUNCTION("MIN(ARRAYFORMULA(TIMEVALUE(SPLIT(E39,"" ""))))"),0.3333333333333333) -> 0.33333333 | G39: =IFERROR(__xludf.DUMMYFUNCTION("MAX(ARRAYFORMULA(TIMEVALUE(SPLIT(E39,"" ""))))"),0.8166666666666667) -> 0.81666667 | J39: =IF(WEEKDAY(D39,2)=7,IF(AND(F39<TIME(8,15,0),G39>=TIME(11,55,0)),1,0)+IF(AND(F39<TIME(13,45,0),G39>=TIME(17,55,0)),1,0),IF(AND(F39<TIME(8,15,0),G39>=TIME(11,55,0)),1,0)+IF(AND(F39<TIME(13,45,0),G39>=TIME(17,25,0)),1,0)+IF(AND(F39<TIME(15,45,0),G39>=TIME(19,25,0)),1,0)) -> 3 | M39: =IF(WEEKDAY(D39,2)=7,IF(J39=2,1,""),"") | O39: =CHOOSE(WEEKDAY(D39,2),"Hai","Ba","Tư","Năm","Sáu","Bảy","CN") -> Hai
A40: 74798 | B40: DO PHU DUC | C40: BAC SI | D40: 46252 | E40: 07:55 19:30 | F40: =IFERROR(__xludf.DUMMYFUNCTION("MIN(ARRAYFORMULA(TIMEVALUE(SPLIT(E40,"" ""))))"),0.3298611111111111) -> 0.32986111 | G40: =IFERROR(__xludf.DUMMYFUNCTION("MAX(ARRAYFORMULA(TIMEVALUE(SPLIT(E40,"" ""))))"),0.8125) -> 0.8125 | J40: =IF(WEEKDAY(D40,2)=7,IF(AND(F40<TIME(8,15,0),G40>=TIME(11,55,0)),1,0)+IF(AND(F40<TIME(13,45,0),G40>=TIME(17,55,0)),1,0),IF(AND(F40<TIME(8,15,0),G40>=TIME(11,55,0)),1,0)+IF(AND(F40<TIME(13,45,0),G40>=TIME(17,25,0)),1,0)+IF(AND(F40<TIME(15,45,0),G40>=TIME(19,25,0)),1,0)) -> 3 | M40: =IF(WEEKDAY(D40,2)=7,IF(J40=2,1,""),"") | O40: =CHOOSE(WEEKDAY(D40,2),"Hai","Ba","Tư","Năm","Sáu","Bảy","CN") -> Ba
A41: 74798 | B41: DO PHU DUC | C41: BAC SI | D41: 46254 | E41: 08:04 19:30 | F41: =IFERROR(__xludf.DUMMYFUNCTION("MIN(ARRAYFORMULA(TIMEVALUE(SPLIT(E41,"" ""))))"),0.33611111111111114) -> 0.33611111 | G41: =IFERROR(__xludf.DUMMYFUNCTION("MAX(ARRAYFORMULA(TIMEVALUE(SPLIT(E41,"" ""))))"),0.8125) -> 0.8125 | J41: =IF(WEEKDAY(D41,2)=7,IF(AND(F41<TIME(8,15,0),G41>=TIME(11,55,0)),1,0)+IF(AND(F41<TIME(13,45,0),G41>=TIME(17,55,0)),1,0),IF(AND(F41<TIME(8,15,0),G41>=TIME(11,55,0)),1,0)+IF(AND(F41<TIME(13,45,0),G41>=TIME(17,25,0)),1,0)+IF(AND(F41<TIME(15,45,0),G41>=TIME(19,25,0)),1,0)) -> 3 | M41: =IF(WEEKDAY(D41,2)=7,IF(J41=2,1,""),"") | O41: =CHOOSE(WEEKDAY(D41,2),"Hai","Ba","Tư","Năm","Sáu","Bảy","CN") -> Năm
A42: 74798 | B42: DO PHU DUC | C42: BAC SI | D42: 46255 | E42: 07:33 19:30 | F42: =IFERROR(__xludf.DUMMYFUNCTION("MIN(ARRAYFORMULA(TIMEVALUE(SPLIT(E42,"" ""))))"),0.3145833333333333) -> 0.31458333 | G42: =IFERROR(__xludf.DUMMYFUNCTION("MAX(ARRAYFORMULA(TIMEVALUE(SPLIT(E42,"" ""))))"),0.8125) -> 0.8125 | J42: =IF(WEEKDAY(D42,2)=7,IF(AND(F42<TIME(8,15,0),G42>=TIME(11,55,0)),1,0)+IF(AND(F42<TIME(13,45,0),G42>=TIME(17,55,0)),1,0),IF(AND(F42<TIME(8,15,0),G42>=TIME(11,55,0)),1,0)+IF(AND(F42<TIME(13,45,0),G42>=TIME(17,25,0)),1,0)+IF(AND(F42<TIME(15,45,0),G42>=TIME(19,25,0)),1,0)) -> 3 | M42: =IF(WEEKDAY(D42,2)=7,IF(J42=2,1,""),"") | O42: =CHOOSE(WEEKDAY(D42,2),"Hai","Ba","Tư","Năm","Sáu","Bảy","CN") -> Sáu
A43: 74798 | B43: DO PHU DUC | C43: BAC SI | D43: 46256 | E43: 07:41 19:30 | F43: =IFERROR(__xludf.DUMMYFUNCTION("MIN(ARRAYFORMULA(TIMEVALUE(SPLIT(E43,"" ""))))"),0.32013888888888886) -> 0.32013889 | G43: =IFERROR(__xludf.DUMMYFUNCTION("MAX(ARRAYFORMULA(TIMEVALUE(SPLIT(E43,"" ""))))"),0.8125) -> 0.8125 | J43: =IF(WEEKDAY(D43,2)=7,IF(AND(F43<TIME(8,15,0),G43>=TIME(11,55,0)),1,0)+IF(AND(F43<TIME(13,45,0),G43>=TIME(17,55,0)),1,0),IF(AND(F43<TIME(8,15,0),G43>=TIME(11,55,0)),1,0)+IF(AND(F43<TIME(13,45,0),G43>=TIME(17,25,0)),1,0)+IF(AND(F43<TIME(15,45,0),G43>=TIME(19,25,0)),1,0)) -> 3 | M43: =IF(WEEKDAY(D43,2)=7,IF(J43=2,1,""),"") | O43: =CHOOSE(WEEKDAY(D43,2),"Hai","Ba","Tư","Năm","Sáu","Bảy","CN") -> Bảy
A44: 74798 | B44: DO PHU DUC | C44: BAC SI | D44: 46257 | E44: 07:51 12:01 | F44: =IFERROR(__xludf.DUMMYFUNCTION("MIN(ARRAYFORMULA(TIMEVALUE(SPLIT(E44,"" ""))))"),0.32708333333333334) -> 0.32708333 | G44: =IFERROR(__xludf.DUMMYFUNCTION("MAX(ARRAYFORMULA(TIMEVALUE(SPLIT(E44,"" ""))))"),0.5006944444444444) -> 0.50069444 | J44: =IF(WEEKDAY(D44,2)=7,IF(AND(F44<TIME(8,15,0),G44>=TIME(11,55,0)),1,0)+IF(AND(F44<TIME(13,45,0),G44>=TIME(17,55,0)),1,0),IF(AND(F44<TIME(8,15,0),G44>=TIME(11,55,0)),1,0)+IF(AND(F44<TIME(13,45,0),G44>=TIME(17,25,0)),1,0)+IF(AND(F44<TIME(15,45,0),G44>=TIME(19,25,0)),1,0)) -> 1 | M44: =IF(WEEKDAY(D44,2)=7,IF(J44=2,1,""),"") | O44: =CHOOSE(WEEKDAY(D44,2),"Hai","Ba","Tư","Năm","Sáu","Bảy","CN") -> CN
A45: 74798 | B45: DO PHU DUC | C45: BAC SI | D45: 46258 | E45: 07:56 19:33 | F45: =IFERROR(__xludf.DUMMYFUNCTION("MIN(ARRAYFORMULA(TIMEVALUE(SPLIT(E45,"" ""))))"),0.33055555555555555) -> 0.33055556 | G45: =IFERROR(__xludf.DUMMYFUNCTION("MAX(ARRAYFORMULA(TIMEVALUE(SPLIT(E45,"" ""))))"),0.8145833333333333) -> 0.81458333 | J45: =IF(WEEKDAY(D45,2)=7,IF(AND(F45<TIME(8,15,0),G45>=TIME(11,55,0)),1,0)+IF(AND(F45<TIME(13,45,0),G45>=TIME(17,55,0)),1,0),IF(AND(F45<TIME(8,15,0),G45>=TIME(11,55,0)),1,0)+IF(AND(F45<TIME(13,45,0),G45>=TIME(17,25,0)),1,0)+IF(AND(F45<TIME(15,45,0),G45>=TIME(19,25,0)),1,0)) -> 3 | M45: =IF(WEEKDAY(D45,2)=7,IF(J45=2,1,""),"") | O45: =CHOOSE(WEEKDAY(D45,2),"Hai","Ba","Tư","Năm","Sáu","Bảy","CN") -> Hai
A46: 74798 | B46: DO PHU DUC | C46: BAC SI | D46: 46259 | E46: 0.5875 | F46: =IFERROR(__xludf.DUMMYFUNCTION("MIN(ARRAYFORMULA(TIMEVALUE(SPLIT(E46,"" ""))))"),0.5875) -> 0.5875 | G46: =IFERROR(__xludf.DUMMYFUNCTION("MAX(ARRAYFORMULA(TIMEVALUE(SPLIT(E46,"" ""))))"),0.5875) -> 0.5875 | H46: 36 | J46: =IF(WEEKDAY(D46,2)=7,IF(AND(F46<TIME(8,15,0),G46>=TIME(11,55,0)),1,0)+IF(AND(F46<TIME(13,45,0),G46>=TIME(17,55,0)),1,0),IF(AND(F46<TIME(8,15,0),G46>=TIME(11,55,0)),1,0)+IF(AND(F46<TIME(13,45,0),G46>=TIME(17,25,0)),1,0)+IF(AND(F46<TIME(15,45,0),G46>=TIME(19,25,0)),1,0)) -> 0 | M46: =IF(WEEKDAY(D46,2)=7,IF(J46=2,1,""),"") | O46: =CHOOSE(WEEKDAY(D46,2),"Hai","Ba","Tư","Năm","Sáu","Bảy","CN") -> Ba
A47: 74798 | B47: DO PHU DUC | C47: BAC SI | D47: 46260 | E47: 08:05 19:31 | F47: =IFERROR(__xludf.DUMMYFUNCTION("MIN(ARRAYFORMULA(TIMEVALUE(SPLIT(E47,"" ""))))"),0.3368055555555556) -> 0.33680556 | G47: =IFERROR(__xludf.DUMMYFUNCTION("MAX(ARRAYFORMULA(TIMEVALUE(SPLIT(E47,"" ""))))"),0.8131944444444444) -> 0.81319444 | H47: 5 | J47: =IF(WEEKDAY(D47,2)=7,IF(AND(F47<TIME(8,15,0),G47>=TIME(11,55,0)),1,0)+IF(AND(F47<TIME(13,45,0),G47>=TIME(17,55,0)),1,0),IF(AND(F47<TIME(8,15,0),G47>=TIME(11,55,0)),1,0)+IF(AND(F47<TIME(13,45,0),G47>=TIME(17,25,0)),1,0)+IF(AND(F47<TIME(15,45,0),G47>=TIME(19,25,0)),1,0)) -> 3 | M47: =IF(WEEKDAY(D47,2)=7,IF(J47=2,1,""),"") | O47: =CHOOSE(WEEKDAY(D47,2),"Hai","Ba","Tư","Năm","Sáu","Bảy","CN") -> Tư
A48: 74798 | B48: DO PHU DUC | C48: BAC SI | D48: 46261 | E48: 08:04 19:31 | F48: =IFERROR(__xludf.DUMMYFUNCTION("MIN(ARRAYFORMULA(TIMEVALUE(SPLIT(E48,"" ""))))"),0.33611111111111114) -> 0.33611111 | G48: =IFERROR(__xludf.DUMMYFUNCTION("MAX(ARRAYFORMULA(TIMEVALUE(SPLIT(E48,"" ""))))"),0.8131944444444444) -> 0.81319444 | H48: 4 | J48: =IF(WEEKDAY(D48,2)=7,IF(AND(F48<TIME(8,15,0),G48>=TIME(11,55,0)),1,0)+IF(AND(F48<TIME(13,45,0),G48>=TIME(17,55,0)),1,0),IF(AND(F48<TIME(8,15,0),G48>=TIME(11,55,0)),1,0)+IF(AND(F48<TIME(13,45,0),G48>=TIME(17,25,0)),1,0)+IF(AND(F48<TIME(15,45,0),G48>=TIME(19,25,0)),1,0)) -> 3 | M48: =IF(WEEKDAY(D48,2)=7,IF(J48=2,1,""),"") | O48: =CHOOSE(WEEKDAY(D48,2),"Hai","Ba","Tư","Năm","Sáu","Bảy","CN") -> Năm
A49: 74798 | B49: DO PHU DUC | C49: BAC SI | D49: 46262 | E49: 08:08 19:31 | F49: =IFERROR(__xludf.DUMMYFUNCTION("MIN(ARRAYFORMULA(TIMEVALUE(SPLIT(E49,"" ""))))"),0.3388888888888889) -> 0.33888889 | G49: =IFERROR(__xludf.DUMMYFUNCTION("MAX(ARRAYFORMULA(TIMEVALUE(SPLIT(E49,"" ""))))"),0.8131944444444444) -> 0.81319444 | H49: 8 | J49: =IF(WEEKDAY(D49,2)=7,IF(AND(F49<TIME(8,15,0),G49>=TIME(11,55,0)),1,0)+IF(AND(F49<TIME(13,45,0),G49>=TIME(17,55,0)),1,0),IF(AND(F49<TIME(8,15,0),G49>=TIME(11,55,0)),1,0)+IF(AND(F49<TIME(13,45,0),G49>=TIME(17,25,0)),1,0)+IF(AND(F49<TIME(15,45,0),G49>=TIME(19,25,0)),1,0)) -> 3 | M49: =IF(WEEKDAY(D49,2)=7,IF(J49=2,1,""),"") | O49: =CHOOSE(WEEKDAY(D49,2),"Hai","Ba","Tư","Năm","Sáu","Bảy","CN") -> Sáu
A50: 74798 | B50: DO PHU DUC | C50: BAC SI | D50: 46263 | E50: 08:01 19:30 | F50: =IFERROR(__xludf.DUMMYFUNCTION("MIN(ARRAYFORMULA(TIMEVALUE(SPLIT(E50,"" ""))))"),0.33402777777777776) -> 0.33402778 | G50: =IFERROR(__xludf.DUMMYFUNCTION("MAX(ARRAYFORMULA(TIMEVALUE(SPLIT(E50,"" ""))))"),0.8125) -> 0.8125 | H50: 1 | J50: =IF(WEEKDAY(D50,2)=7,IF(AND(F50<TIME(8,15,0),G50>=TIME(11,55,0)),1,0)+IF(AND(F50<TIME(13,45,0),G50>=TIME(17,55,0)),1,0),IF(AND(F50<TIME(8,15,0),G50>=TIME(11,55,0)),1,0)+IF(AND(F50<TIME(13,45,0),G50>=TIME(17,25,0)),1,0)+IF(AND(F50<TIME(15,45,0),G50>=TIME(19,25,0)),1,0)) -> 3 | M50: =IF(WEEKDAY(D50,2)=7,IF(J50=2,1,""),"") | O50: =CHOOSE(WEEKDAY(D50,2),"Hai","Ba","Tư","Năm","Sáu","Bảy","CN") -> Bảy
A51: 74798 | B51: DO PHU DUC | C51: BAC SI | D51: 46264 | E51: 07:56 18:00 | F51: =IFERROR(__xludf.DUMMYFUNCTION("MIN(ARRAYFORMULA(TIMEVALUE(SPLIT(E51,"" ""))))"),0.33055555555555555) -> 0.33055556 | G51: =IFERROR(__xludf.DUMMYFUNCTION("MAX(ARRAYFORMULA(TIMEVALUE(SPLIT(E51,"" ""))))"),0.75) -> 0.75 | J51: =IF(WEEKDAY(D51,2)=7,IF(AND(F51<TIME(8,15,0),G51>=TIME(11,55,0)),1,0)+IF(AND(F51<TIME(13,45,0),G51>=TIME(17,55,0)),1,0),IF(AND(F51<TIME(8,15,0),G51>=TIME(11,55,0)),1,0)+IF(AND(F51<TIME(13,45,0),G51>=TIME(17,25,0)),1,0)+IF(AND(F51<TIME(15,45,0),G51>=TIME(19,25,0)),1,0)) -> 2 | M51: =IF(WEEKDAY(D51,2)=7,IF(J51=2,1,""),"") -> 1 | O51: =CHOOSE(WEEKDAY(D51,2),"Hai","Ba","Tư","Năm","Sáu","Bảy","CN") -> CN
A52: 74798 | B52: DO PHU DUC | C52: BAC SI | D52: 46265 | E52: 07:51 19:31 | F52: =IFERROR(__xludf.DUMMYFUNCTION("MIN(ARRAYFORMULA(TIMEVALUE(SPLIT(E52,"" ""))))"),0.32708333333333334) -> 0.32708333 | G52: =IFERROR(__xludf.DUMMYFUNCTION("MAX(ARRAYFORMULA(TIMEVALUE(SPLIT(E52,"" ""))))"),0.8131944444444444) -> 0.81319444 | J52: =IF(WEEKDAY(D52,2)=7,IF(AND(F52<TIME(8,15,0),G52>=TIME(11,55,0)),1,0)+IF(AND(F52<TIME(13,45,0),G52>=TIME(17,55,0)),1,0),IF(AND(F52<TIME(8,15,0),G52>=TIME(11,55,0)),1,0)+IF(AND(F52<TIME(13,45,0),G52>=TIME(17,25,0)),1,0)+IF(AND(F52<TIME(15,45,0),G52>=TIME(19,25,0)),1,0)) -> 3 | M52: =IF(WEEKDAY(D52,2)=7,IF(J52=2,1,""),"") | O52: =CHOOSE(WEEKDAY(D52,2),"Hai","Ba","Tư","Năm","Sáu","Bảy","CN") -> Hai
A53: 13341 | B53: DUONG HUYNH MAI | C53: PHU TA | D53: 46235 | E53: 07:45 19:30 | F53: =IFERROR(__xludf.DUMMYFUNCTION("MIN(ARRAYFORMULA(TIMEVALUE(SPLIT(E53,"" ""))))"),0.3229166666666667) -> 0.32291667 | G53: =IFERROR(__xludf.DUMMYFUNCTION("MAX(ARRAYFORMULA(TIMEVALUE(SPLIT(E53,"" ""))))"),0.8125) -> 0.8125 | J53: =IF(WEEKDAY(D53,2)=7,IF(AND(F53<TIME(8,15,0),G53>=TIME(11,55,0)),1,0)+IF(AND(F53<TIME(13,45,0),G53>=TIME(17,55,0)),1,0),IF(AND(F53<TIME(8,15,0),G53>=TIME(11,55,0)),1,0)+IF(AND(F53<TIME(13,45,0),G53>=TIME(17,25,0)),1,0)+IF(AND(F53<TIME(15,45,0),G53>=TIME(19,25,0)),1,0)) -> 3 | M53: =IF(WEEKDAY(D53,2)=7,IF(J53=2,1,""),"") | O53: =CHOOSE(WEEKDAY(D53,2),"Hai","Ba","Tư","Năm","Sáu","Bảy","CN") -> Bảy
A54: 13341 | B54: DUONG HUYNH MAI | C54: PHU TA | D54: 46236 | E54: 07:45 18:12 | F54: =IFERROR(__xludf.DUMMYFUNCTION("MIN(ARRAYFORMULA(TIMEVALUE(SPLIT(E54,"" ""))))"),0.3229166666666667) -> 0.32291667 | G54: =IFERROR(__xludf.DUMMYFUNCTION("MAX(ARRAYFORMULA(TIMEVALUE(SPLIT(E54,"" ""))))"),0.7583333333333333) -> 0.75833333 | J54: =IF(WEEKDAY(D54,2)=7,IF(AND(F54<TIME(8,15,0),G54>=TIME(11,55,0)),1,0)+IF(AND(F54<TIME(13,45,0),G54>=TIME(17,55,0)),1,0),IF(AND(F54<TIME(8,15,0),G54>=TIME(11,55,0)),1,0)+IF(AND(F54<TIME(13,45,0),G54>=TIME(17,25,0)),1,0)+IF(AND(F54<TIME(15,45,0),G54>=TIME(19,25,0)),1,0)) -> 2 | K54: 15 | M54: =IF(WEEKDAY(D54,2)=7,IF(J54=2,1,""),"") -> 1 | O54: =CHOOSE(WEEKDAY(D54,2),"Hai","Ba","Tư","Năm","Sáu","Bảy","CN") -> CN
A55: 13341 | B55: DUONG HUYNH MAI | C55: PHU TA | D55: 46237 | E55: 07:50 19:30 | F55: =IFERROR(__xludf.DUMMYFUNCTION("MIN(ARRAYFORMULA(TIMEVALUE(SPLIT(E55,"" ""))))"),0.3263888888888889) -> 0.32638889 | G55: =IFERROR(__xludf.DUMMYFUNCTION("MAX(ARRAYFORMULA(TIMEVALUE(SPLIT(E55,"" ""))))"),0.8125) -> 0.8125 | J55: =IF(WEEKDAY(D55,2)=7,IF(AND(F55<TIME(8,15,0),G55>=TIME(11,55,0)),1,0)+IF(AND(F55<TIME(13,45,0),G55>=TIME(17,55,0)),1,0),IF(AND(F55<TIME(8,15,0),G55>=TIME(11,55,0)),1,0)+IF(AND(F55<TIME(13,45,0),G55>=TIME(17,25,0)),1,0)+IF(AND(F55<TIME(15,45,0),G55>=TIME(19,25,0)),1,0)) -> 3 | M55: =IF(WEEKDAY(D55,2)=7,IF(J55=2,1,""),"") | O55: =CHOOSE(WEEKDAY(D55,2),"Hai","Ba","Tư","Năm","Sáu","Bảy","CN") -> Hai
A56: 13341 | B56: DUONG HUYNH MAI | C56: PHU TA | D56: 46238 | E56: 07:50 19:34 | F56: =IFERROR(__xludf.DUMMYFUNCTION("MIN(ARRAYFORMULA(TIMEVALUE(SPLIT(E56,"" ""))))"),0.3263888888888889) -> 0.32638889 | G56: =IFERROR(__xludf.DUMMYFUNCTION("MAX(ARRAYFORMULA(TIMEVALUE(SPLIT(E56,"" ""))))"),0.8152777777777778) -> 0.81527778 | J56: =IF(WEEKDAY(D56,2)=7,IF(AND(F56<TIME(8,15,0),G56>=TIME(11,55,0)),1,0)+IF(AND(F56<TIME(13,45,0),G56>=TIME(17,55,0)),1,0),IF(AND(F56<TIME(8,15,0),G56>=TIME(11,55,0)),1,0)+IF(AND(F56<TIME(13,45,0),G56>=TIME(17,25,0)),1,0)+IF(AND(F56<TIME(15,45,0),G56>=TIME(19,25,0)),1,0)) -> 3 | M56: =IF(WEEKDAY(D56,2)=7,IF(J56=2,1,""),"") | O56: =CHOOSE(WEEKDAY(D56,2),"Hai","Ba","Tư","Năm","Sáu","Bảy","CN") -> Ba
A57: 13341 | B57: DUONG HUYNH MAI | C57: PHU TA | D57: 46239 | E57: 07:46 19:33 | F57: =IFERROR(__xludf.DUMMYFUNCTION("MIN(ARRAYFORMULA(TIMEVALUE(SPLIT(E57,"" ""))))"),0.3236111111111111) -> 0.32361111 | G57: =IFERROR(__xludf.DUMMYFUNCTION("MAX(ARRAYFORMULA(TIMEVALUE(SPLIT(E57,"" ""))))"),0.8145833333333333) -> 0.81458333 | J57: =IF(WEEKDAY(D57,2)=7,IF(AND(F57<TIME(8,15,0),G57>=TIME(11,55,0)),1,0)+IF(AND(F57<TIME(13,45,0),G57>=TIME(17,55,0)),1,0),IF(AND(F57<TIME(8,15,0),G57>=TIME(11,55,0)),1,0)+IF(AND(F57<TIME(13,45,0),G57>=TIME(17,25,0)),1,0)+IF(AND(F57<TIME(15,45,0),G57>=TIME(19,25,0)),1,0)) -> 3 | M57: =IF(WEEKDAY(D57,2)=7,IF(J57=2,1,""),"") | O57: =CHOOSE(WEEKDAY(D57,2),"Hai","Ba","Tư","Năm","Sáu","Bảy","CN") -> Tư
A58: 13341 | B58: DUONG HUYNH MAI | C58: PHU TA | D58: 46241 | E58: 07:49 19:30 | F58: =IFERROR(__xludf.DUMMYFUNCTION("MIN(ARRAYFORMULA(TIMEVALUE(SPLIT(E58,"" ""))))"),0.32569444444444445) -> 0.32569444 | G58: =IFERROR(__xludf.DUMMYFUNCTION("MAX(ARRAYFORMULA(TIMEVALUE(SPLIT(E58,"" ""))))"),0.8125) -> 0.8125 | J58: =IF(WEEKDAY(D58,2)=7,IF(AND(F58<TIME(8,15,0),G58>=TIME(11,55,0)),1,0)+IF(AND(F58<TIME(13,45,0),G58>=TIME(17,55,0)),1,0),IF(AND(F58<TIME(8,15,0),G58>=TIME(11,55,0)),1,0)+IF(AND(F58<TIME(13,45,0),G58>=TIME(17,25,0)),1,0)+IF(AND(F58<TIME(15,45,0),G58>=TIME(19,25,0)),1,0)) -> 3 | M58: =IF(WEEKDAY(D58,2)=7,IF(J58=2,1,""),"") | O58: =CHOOSE(WEEKDAY(D58,2),"Hai","Ba","Tư","Năm","Sáu","Bảy","CN") -> Sáu
A59: 13341 | B59: DUONG HUYNH MAI | C59: PHU TA | D59: 46242 | E59: 07:44 19:30 | F59: =IFERROR(__xludf.DUMMYFUNCTION("MIN(ARRAYFORMULA(TIMEVALUE(SPLIT(E59,"" ""))))"),0.32222222222222224) -> 0.32222222 | G59: =IFERROR(__xludf.DUMMYFUNCTION("MAX(ARRAYFORMULA(TIMEVALUE(SPLIT(E59,"" ""))))"),0.8125) -> 0.8125 | J59: =IF(WEEKDAY(D59,2)=7,IF(AND(F59<TIME(8,15,0),G59>=TIME(11,55,0)),1,0)+IF(AND(F59<TIME(13,45,0),G59>=TIME(17,55,0)),1,0),IF(AND(F59<TIME(8,15,0),G59>=TIME(11,55,0)),1,0)+IF(AND(F59<TIME(13,45,0),G59>=TIME(17,25,0)),1,0)+IF(AND(F59<TIME(15,45,0),G59>=TIME(19,25,0)),1,0)) -> 3 | M59: =IF(WEEKDAY(D59,2)=7,IF(J59=2,1,""),"") | O59: =CHOOSE(WEEKDAY(D59,2),"Hai","Ba","Tư","Năm","Sáu","Bảy","CN") -> Bảy
A60: 13341 | B60: DUONG HUYNH MAI | C60: PHU TA | D60: 46243 | E60: 07:49 18:00 | F60: =IFERROR(__xludf.DUMMYFUNCTION("MIN(ARRAYFORMULA(TIMEVALUE(SPLIT(E60,"" ""))))"),0.32569444444444445) -> 0.32569444 | G60: =IFERROR(__xludf.DUMMYFUNCTION("MAX(ARRAYFORMULA(TIMEVALUE(SPLIT(E60,"" ""))))"),0.75) -> 0.75 | J60: =IF(WEEKDAY(D60,2)=7,IF(AND(F60<TIME(8,15,0),G60>=TIME(11,55,0)),1,0)+IF(AND(F60<TIME(13,45,0),G60>=TIME(17,55,0)),1,0),IF(AND(F60<TIME(8,15,0),G60>=TIME(11,55,0)),1,0)+IF(AND(F60<TIME(13,45,0),G60>=TIME(17,25,0)),1,0)+IF(AND(F60<TIME(15,45,0),G60>=TIME(19,25,0)),1,0)) -> 2 | M60: =IF(WEEKDAY(D60,2)=7,IF(J60=2,1,""),"") -> 1 | O60: =CHOOSE(WEEKDAY(D60,2),"Hai","Ba","Tư","Năm","Sáu","Bảy","CN") -> CN
A61: 13341 | B61: DUONG HUYNH MAI | C61: PHU TA | D61: 46244 | E61: 07:42 19:29 | F61: =IFERROR(__xludf.DUMMYFUNCTION("MIN(ARRAYFORMULA(TIMEVALUE(SPLIT(E61,"" ""))))"),0.32083333333333336) -> 0.32083333 | G61: =IFERROR(__xludf.DUMMYFUNCTION("MAX(ARRAYFORMULA(TIMEVALUE(SPLIT(E61,"" ""))))"),0.8118055555555556) -> 0.81180556 | J61: =IF(WEEKDAY(D61,2)=7,IF(AND(F61<TIME(8,15,0),G61>=TIME(11,55,0)),1,0)+IF(AND(F61<TIME(13,45,0),G61>=TIME(17,55,0)),1,0),IF(AND(F61<TIME(8,15,0),G61>=TIME(11,55,0)),1,0)+IF(AND(F61<TIME(13,45,0),G61>=TIME(17,25,0)),1,0)+IF(AND(F61<TIME(15,45,0),G61>=TIME(19,25,0)),1,0)) -> 3 | M61: =IF(WEEKDAY(D61,2)=7,IF(J61=2,1,""),"") | O61: =CHOOSE(WEEKDAY(D61,2),"Hai","Ba","Tư","Năm","Sáu","Bảy","CN") -> Hai
A62: 13341 | B62: DUONG HUYNH MAI | C62: PHU TA | D62: 46248 | E62: 07:52 19:30 | F62: =IFERROR(__xludf.DUMMYFUNCTION("MIN(ARRAYFORMULA(TIMEVALUE(SPLIT(E62,"" ""))))"),0.3277777777777778) -> 0.32777778 | G62: =IFERROR(__xludf.DUMMYFUNCTION("MAX(ARRAYFORMULA(TIMEVALUE(SPLIT(E62,"" ""))))"),0.8125) -> 0.8125 | J62: =IF(WEEKDAY(D62,2)=7,IF(AND(F62<TIME(8,15,0),G62>=TIME(11,55,0)),1,0)+IF(AND(F62<TIME(13,45,0),G62>=TIME(17,55,0)),1,0),IF(AND(F62<TIME(8,15,0),G62>=TIME(11,55,0)),1,0)+IF(AND(F62<TIME(13,45,0),G62>=TIME(17,25,0)),1,0)+IF(AND(F62<TIME(15,45,0),G62>=TIME(19,25,0)),1,0)) -> 3 | M62: =IF(WEEKDAY(D62,2)=7,IF(J62=2,1,""),"") | O62: =CHOOSE(WEEKDAY(D62,2),"Hai","Ba","Tư","Năm","Sáu","Bảy","CN") -> Sáu
A63: 13341 | B63: DUONG HUYNH MAI | C63: PHU TA | D63: 46249 | E63: 07:50 19:30 | F63: =IFERROR(__xludf.DUMMYFUNCTION("MIN(ARRAYFORMULA(TIMEVALUE(SPLIT(E63,"" ""))))"),0.3263888888888889) -> 0.32638889 | G63: =IFERROR(__xludf.DUMMYFUNCTION("MAX(ARRAYFORMULA(TIMEVALUE(SPLIT(E63,"" ""))))"),0.8125) -> 0.8125 | J63: =IF(WEEKDAY(D63,2)=7,IF(AND(F63<TIME(8,15,0),G63>=TIME(11,55,0)),1,0)+IF(AND(F63<TIME(13,45,0),G63>=TIME(17,55,0)),1,0),IF(AND(F63<TIME(8,15,0),G63>=TIME(11,55,0)),1,0)+IF(AND(F63<TIME(13,45,0),G63>=TIME(17,25,0)),1,0)+IF(AND(F63<TIME(15,45,0),G63>=TIME(19,25,0)),1,0)) -> 3 | M63: =IF(WEEKDAY(D63,2)=7,IF(J63=2,1,""),"") | O63: =CHOOSE(WEEKDAY(D63,2),"Hai","Ba","Tư","Năm","Sáu","Bảy","CN") -> Bảy
A64: 13341 | B64: DUONG HUYNH MAI | C64: PHU TA | D64: 46250 | E64: 07:47 18:01 | F64: =IFERROR(__xludf.DUMMYFUNCTION("MIN(ARRAYFORMULA(TIMEVALUE(SPLIT(E64,"" ""))))"),0.32430555555555557) -> 0.32430556 | G64: =IFERROR(__xludf.DUMMYFUNCTION("MAX(ARRAYFORMULA(TIMEVALUE(SPLIT(E64,"" ""))))"),0.7506944444444444) -> 0.75069444 | J64: =IF(WEEKDAY(D64,2)=7,IF(AND(F64<TIME(8,15,0),G64>=TIME(11,55,0)),1,0)+IF(AND(F64<TIME(13,45,0),G64>=TIME(17,55,0)),1,0),IF(AND(F64<TIME(8,15,0),G64>=TIME(11,55,0)),1,0)+IF(AND(F64<TIME(13,45,0),G64>=TIME(17,25,0)),1,0)+IF(AND(F64<TIME(15,45,0),G64>=TIME(19,25,0)),1,0)) -> 2 | M64: =IF(WEEKDAY(D64,2)=7,IF(J64=2,1,""),"") -> 1 | O64: =CHOOSE(WEEKDAY(D64,2),"Hai","Ba","Tư","Năm","Sáu","Bảy","CN") -> CN
A65: 13341 | B65: DUONG HUYNH MAI | C65: PHU TA | D65: 46251 | E65: 07:50 19:35 | F65: =IFERROR(__xludf.DUMMYFUNCTION("MIN(ARRAYFORMULA(TIMEVALUE(SPLIT(E65,"" ""))))"),0.3263888888888889) -> 0.32638889 | G65: =IFERROR(__xludf.DUMMYFUNCTION("MAX(ARRAYFORMULA(TIMEVALUE(SPLIT(E65,"" ""))))"),0.8159722222222222) -> 0.81597222 | J65: =IF(WEEKDAY(D65,2)=7,IF(AND(F65<TIME(8,15,0),G65>=TIME(11,55,0)),1,0)+IF(AND(F65<TIME(13,45,0),G65>=TIME(17,55,0)),1,0),IF(AND(F65<TIME(8,15,0),G65>=TIME(11,55,0)),1,0)+IF(AND(F65<TIME(13,45,0),G65>=TIME(17,25,0)),1,0)+IF(AND(F65<TIME(15,45,0),G65>=TIME(19,25,0)),1,0)) -> 3 | L65: 3 | M65: =IF(WEEKDAY(D65,2)=7,IF(J65=2,1,""),"") | N65: 18/8 nghỉ 3 ca phép | O65: =CHOOSE(WEEKDAY(D65,2),"Hai","Ba","Tư","Năm","Sáu","Bảy","CN") -> Hai
A66: 13341 | B66: DUONG HUYNH MAI | C66: PHU TA | D66: 46253 | E66: 07:49 19:31 | F66: =IFERROR(__xludf.DUMMYFUNCTION("MIN(ARRAYFORMULA(TIMEVALUE(SPLIT(E66,"" ""))))"),0.32569444444444445) -> 0.32569444 | G66: =IFERROR(__xludf.DUMMYFUNCTION("MAX(ARRAYFORMULA(TIMEVALUE(SPLIT(E66,"" ""))))"),0.8131944444444444) -> 0.81319444 | J66: =IF(WEEKDAY(D66,2)=7,IF(AND(F66<TIME(8,15,0),G66>=TIME(11,55,0)),1,0)+IF(AND(F66<TIME(13,45,0),G66>=TIME(17,55,0)),1,0),IF(AND(F66<TIME(8,15,0),G66>=TIME(11,55,0)),1,0)+IF(AND(F66<TIME(13,45,0),G66>=TIME(17,25,0)),1,0)+IF(AND(F66<TIME(15,45,0),G66>=TIME(19,25,0)),1,0)) -> 3 | M66: =IF(WEEKDAY(D66,2)=7,IF(J66=2,1,""),"") | O66: =CHOOSE(WEEKDAY(D66,2),"Hai","Ba","Tư","Năm","Sáu","Bảy","CN") -> Tư
A67: 13341 | B67: DUONG HUYNH MAI | C67: PHU TA | D67: 46255 | E67: 07:54 19:30 | F67: =IFERROR(__xludf.DUMMYFUNCTION("MIN(ARRAYFORMULA(TIMEVALUE(SPLIT(E67,"" ""))))"),0.32916666666666666) -> 0.32916667 | G67: =IFERROR(__xludf.DUMMYFUNCTION("MAX(ARRAYFORMULA(TIMEVALUE(SPLIT(E67,"" ""))))"),0.8125) -> 0.8125 | J67: =IF(WEEKDAY(D67,2)=7,IF(AND(F67<TIME(8,15,0),G67>=TIME(11,55,0)),1,0)+IF(AND(F67<TIME(13,45,0),G67>=TIME(17,55,0)),1,0),IF(AND(F67<TIME(8,15,0),G67>=TIME(11,55,0)),1,0)+IF(AND(F67<TIME(13,45,0),G67>=TIME(17,25,0)),1,0)+IF(AND(F67<TIME(15,45,0),G67>=TIME(19,25,0)),1,0)) -> 3 | M67: =IF(WEEKDAY(D67,2)=7,IF(J67=2,1,""),"") | O67: =CHOOSE(WEEKDAY(D67,2),"Hai","Ba","Tư","Năm","Sáu","Bảy","CN") -> Sáu
A68: 13341 | B68: DUONG HUYNH MAI | C68: PHU TA | D68: 46258 | E68: 07:50 07:50 19:33 | F68: =IFERROR(__xludf.DUMMYFUNCTION("MIN(ARRAYFORMULA(TIMEVALUE(SPLIT(E68,"" ""))))"),0.3263888888888889) -> 0.32638889 | G68: =IFERROR(__xludf.DUMMYFUNCTION("MAX(ARRAYFORMULA(TIMEVALUE(SPLIT(E68,"" ""))))"),0.8145833333333333) -> 0.81458333 | J68: =IF(WEEKDAY(D68,2)=7,IF(AND(F68<TIME(8,15,0),G68>=TIME(11,55,0)),1,0)+IF(AND(F68<TIME(13,45,0),G68>=TIME(17,55,0)),1,0),IF(AND(F68<TIME(8,15,0),G68>=TIME(11,55,0)),1,0)+IF(AND(F68<TIME(13,45,0),G68>=TIME(17,25,0)),1,0)+IF(AND(F68<TIME(15,45,0),G68>=TIME(19,25,0)),1,0)) -> 3 | M68: =IF(WEEKDAY(D68,2)=7,IF(J68=2,1,""),"") | O68: =CHOOSE(WEEKDAY(D68,2),"Hai","Ba","Tư","Năm","Sáu","Bảy","CN") -> Hai
A69: 13341 | B69: DUONG HUYNH MAI | C69: PHU TA | D69: 46259 | E69: 07:50 19:30 | F69: =IFERROR(__xludf.DUMMYFUNCTION("MIN(ARRAYFORMULA(TIMEVALUE(SPLIT(E69,"" ""))))"),0.3263888888888889) -> 0.32638889 | G69: =IFERROR(__xludf.DUMMYFUNCTION("MAX(ARRAYFORMULA(TIMEVALUE(SPLIT(E69,"" ""))))"),0.8125) -> 0.8125 | J69: =IF(WEEKDAY(D69,2)=7,IF(AND(F69<TIME(8,15,0),G69>=TIME(11,55,0)),1,0)+IF(AND(F69<TIME(13,45,0),G69>=TIME(17,55,0)),1,0),IF(AND(F69<TIME(8,15,0),G69>=TIME(11,55,0)),1,0)+IF(AND(F69<TIME(13,45,0),G69>=TIME(17,25,0)),1,0)+IF(AND(F69<TIME(15,45,0),G69>=TIME(19,25,0)),1,0)) -> 3 | M69: =IF(WEEKDAY(D69,2)=7,IF(J69=2,1,""),"") | O69: =CHOOSE(WEEKDAY(D69,2),"Hai","Ba","Tư","Năm","Sáu","Bảy","CN") -> Ba
A70: 13341 | B70: DUONG HUYNH MAI | C70: PHU TA | D70: 46260 | E70: 07:51 19:30 | F70: =IFERROR(__xludf.DUMMYFUNCTION("MIN(ARRAYFORMULA(TIMEVALUE(SPLIT(E70,"" ""))))"),0.32708333333333334) -> 0.32708333 | G70: =IFERROR(__xludf.DUMMYFUNCTION("MAX(ARRAYFORMULA(TIMEVALUE(SPLIT(E70,"" ""))))"),0.8125) -> 0.8125 | J70: =IF(WEEKDAY(D70,2)=7,IF(AND(F70<TIME(8,15,0),G70>=TIME(11,55,0)),1,0)+IF(AND(F70<TIME(13,45,0),G70>=TIME(17,55,0)),1,0),IF(AND(F70<TIME(8,15,0),G70>=TIME(11,55,0)),1,0)+IF(AND(F70<TIME(13,45,0),G70>=TIME(17,25,0)),1,0)+IF(AND(F70<TIME(15,45,0),G70>=TIME(19,25,0)),1,0)) -> 3 | M70: =IF(WEEKDAY(D70,2)=7,IF(J70=2,1,""),"") | O70: =CHOOSE(WEEKDAY(D70,2),"Hai","Ba","Tư","Năm","Sáu","Bảy","CN") -> Tư
A71: 13341 | B71: DUONG HUYNH MAI | C71: PHU TA | D71: 46262 | E71: 07:50 19:30 | F71: =IFERROR(__xludf.DUMMYFUNCTION("MIN(ARRAYFORMULA(TIMEVALUE(SPLIT(E71,"" ""))))"),0.3263888888888889) -> 0.32638889 | G71: =IFERROR(__xludf.DUMMYFUNCTION("MAX(ARRAYFORMULA(TIMEVALUE(SPLIT(E71,"" ""))))"),0.8125) -> 0.8125 | J71: =IF(WEEKDAY(D71,2)=7,IF(AND(F71<TIME(8,15,0),G71>=TIME(11,55,0)),1,0)+IF(AND(F71<TIME(13,45,0),G71>=TIME(17,55,0)),1,0),IF(AND(F71<TIME(8,15,0),G71>=TIME(11,55,0)),1,0)+IF(AND(F71<TIME(13,45,0),G71>=TIME(17,25,0)),1,0)+IF(AND(F71<TIME(15,45,0),G71>=TIME(19,25,0)),1,0)) -> 3 | M71: =IF(WEEKDAY(D71,2)=7,IF(J71=2,1,""),"") | O71: =CHOOSE(WEEKDAY(D71,2),"Hai","Ba","Tư","Năm","Sáu","Bảy","CN") -> Sáu
A72: 13341 | B72: DUONG HUYNH MAI | C72: PHU TA | D72: 46263 | E72: 07:45 19:30 | F72: =IFERROR(__xludf.DUMMYFUNCTION("MIN(ARRAYFORMULA(TIMEVALUE(SPLIT(E72,"" ""))))"),0.3229166666666667) -> 0.32291667 | G72: =IFERROR(__xludf.DUMMYFUNCTION("MAX(ARRAYFORMULA(TIMEVALUE(SPLIT(E72,"" ""))))"),0.8125) -> 0.8125 | J72: =IF(WEEKDAY(D72,2)=7,IF(AND(F72<TIME(8,15,0),G72>=TIME(11,55,0)),1,0)+IF(AND(F72<TIME(13,45,0),G72>=TIME(17,55,0)),1,0),IF(AND(F72<TIME(8,15,0),G72>=TIME(11,55,0)),1,0)+IF(AND(F72<TIME(13,45,0),G72>=TIME(17,25,0)),1,0)+IF(AND(F72<TIME(15,45,0),G72>=TIME(19,25,0)),1,0)) -> 3 | M72: =IF(WEEKDAY(D72,2)=7,IF(J72=2,1,""),"") | O72: =CHOOSE(WEEKDAY(D72,2),"Hai","Ba","Tư","Năm","Sáu","Bảy","CN") -> Bảy
A73: 13341 | B73: DUONG HUYNH MAI | C73: PHU TA | D73: 46264 | E73: 07:54 18:00 | F73: =IFERROR(__xludf.DUMMYFUNCTION("MIN(ARRAYFORMULA(TIMEVALUE(SPLIT(E73,"" ""))))"),0.32916666666666666) -> 0.32916667 | G73: =IFERROR(__xludf.DUMMYFUNCTION("MAX(ARRAYFORMULA(TIMEVALUE(SPLIT(E73,"" ""))))"),0.75) -> 0.75 | J73: =IF(WEEKDAY(D73,2)=7,IF(AND(F73<TIME(8,15,0),G73>=TIME(11,55,0)),1,0)+IF(AND(F73<TIME(13,45,0),G73>=TIME(17,55,0)),1,0),IF(AND(F73<TIME(8,15,0),G73>=TIME(11,55,0)),1,0)+IF(AND(F73<TIME(13,45,0),G73>=TIME(17,25,0)),1,0)+IF(AND(F73<TIME(15,45,0),G73>=TIME(19,25,0)),1,0)) -> 2 | M73: =IF(WEEKDAY(D73,2)=7,IF(J73=2,1,""),"") -> 1 | O73: =CHOOSE(WEEKDAY(D73,2),"Hai","Ba","Tư","Năm","Sáu","Bảy","CN") -> CN
A74: 13341 | B74: DUONG HUYNH MAI | C74: PHU TA | D74: 46265 | E74: 07:43 19:30 | F74: =IFERROR(__xludf.DUMMYFUNCTION("MIN(ARRAYFORMULA(TIMEVALUE(SPLIT(E74,"" ""))))"),0.3215277777777778) -> 0.32152778 | G74: =IFERROR(__xludf.DUMMYFUNCTION("MAX(ARRAYFORMULA(TIMEVALUE(SPLIT(E74,"" ""))))"),0.8125) -> 0.8125 | J74: =IF(WEEKDAY(D74,2)=7,IF(AND(F74<TIME(8,15,0),G74>=TIME(11,55,0)),1,0)+IF(AND(F74<TIME(13,45,0),G74>=TIME(17,55,0)),1,0),IF(AND(F74<TIME(8,15,0),G74>=TIME(11,55,0)),1,0)+IF(AND(F74<TIME(13,45,0),G74>=TIME(17,25,0)),1,0)+IF(AND(F74<TIME(15,45,0),G74>=TIME(19,25,0)),1,0)) -> 3 | M74: =IF(WEEKDAY(D74,2)=7,IF(J74=2,1,""),"") | O74: =CHOOSE(WEEKDAY(D74,2),"Hai","Ba","Tư","Năm","Sáu","Bảy","CN") -> Hai
A75: 12643 | B75: HO HOANG HAI | C75: LE TAN | D75: 46235 | E75: 07:57 17:31 | F75: =IFERROR(__xludf.DUMMYFUNCTION("MIN(ARRAYFORMULA(TIMEVALUE(SPLIT(E75,"" ""))))"),0.33125) -> 0.33125 | G75: =IFERROR(__xludf.DUMMYFUNCTION("MAX(ARRAYFORMULA(TIMEVALUE(SPLIT(E75,"" ""))))"),0.7298611111111111) -> 0.72986111 | J75: =IF(WEEKDAY(D75,2)=7,IF(AND(F75<TIME(8,15,0),G75>=TIME(11,55,0)),1,0)+IF(AND(F75<TIME(13,45,0),G75>=TIME(17,55,0)),1,0),IF(AND(F75<TIME(8,15,0),G75>=TIME(11,55,0)),1,0)+IF(AND(F75<TIME(13,45,0),G75>=TIME(17,25,0)),1,0)+IF(AND(F75<TIME(15,45,0),G75>=TIME(19,25,0)),1,0)) -> 2 | M75: =IF(WEEKDAY(D75,2)=7,IF(J75=2,1,""),"") | O75: =CHOOSE(WEEKDAY(D75,2),"Hai","Ba","Tư","Năm","Sáu","Bảy","CN") -> Bảy
A76: 12643 | B76: HO HOANG HAI | C76: LE TAN | D76: 46236 | E76: 07:53 18:13 | F76: =IFERROR(__xludf.DUMMYFUNCTION("MIN(ARRAYFORMULA(TIMEVALUE(SPLIT(E76,"" ""))))"),0.3284722222222222) -> 0.32847222 | G76: =IFERROR(__xludf.DUMMYFUNCTION("MAX(ARRAYFORMULA(TIMEVALUE(SPLIT(E76,"" ""))))"),0.7590277777777777) -> 0.75902778 | J76: =IF(WEEKDAY(D76,2)=7,IF(AND(F76<TIME(8,15,0),G76>=TIME(11,55,0)),1,0)+IF(AND(F76<TIME(13,45,0),G76>=TIME(17,55,0)),1,0),IF(AND(F76<TIME(8,15,0),G76>=TIME(11,55,0)),1,0)+IF(AND(F76<TIME(13,45,0),G76>=TIME(17,25,0)),1,0)+IF(AND(F76<TIME(15,45,0),G76>=TIME(19,25,0)),1,0)) -> 2 | K76: 15 | M76: =IF(WEEKDAY(D76,2)=7,IF(J76=2,1,""),"") -> 1 | O76: =CHOOSE(WEEKDAY(D76,2),"Hai","Ba","Tư","Năm","Sáu","Bảy","CN") -> CN
A77: 12643 | B77: HO HOANG HAI | C77: LE TAN | D77: 46237 | E77: 07:51 17:37 | F77: =IFERROR(__xludf.DUMMYFUNCTION("MIN(ARRAYFORMULA(TIMEVALUE(SPLIT(E77,"" ""))))"),0.32708333333333334) -> 0.32708333 | G77: =IFERROR(__xludf.DUMMYFUNCTION("MAX(ARRAYFORMULA(TIMEVALUE(SPLIT(E77,"" ""))))"),0.7340277777777777) -> 0.73402778 | J77: =IF(WEEKDAY(D77,2)=7,IF(AND(F77<TIME(8,15,0),G77>=TIME(11,55,0)),1,0)+IF(AND(F77<TIME(13,45,0),G77>=TIME(17,55,0)),1,0),IF(AND(F77<TIME(8,15,0),G77>=TIME(11,55,0)),1,0)+IF(AND(F77<TIME(13,45,0),G77>=TIME(17,25,0)),1,0)+IF(AND(F77<TIME(15,45,0),G77>=TIME(19,25,0)),1,0)) -> 2 | M77: =IF(WEEKDAY(D77,2)=7,IF(J77=2,1,""),"") | O77: =CHOOSE(WEEKDAY(D77,2),"Hai","Ba","Tư","Năm","Sáu","Bảy","CN") -> Hai
A78: 12643 | B78: HO HOANG HAI | C78: LE TAN | D78: 46238 | E78: 08:01 19:31 | F78: =IFERROR(__xludf.DUMMYFUNCTION("MIN(ARRAYFORMULA(TIMEVALUE(SPLIT(E78,"" ""))))"),0.33402777777777776) -> 0.33402778 | G78: =IFERROR(__xludf.DUMMYFUNCTION("MAX(ARRAYFORMULA(TIMEVALUE(SPLIT(E78,"" ""))))"),0.8131944444444444) -> 0.81319444 | H78: 1 | J78: =IF(WEEKDAY(D78,2)=7,IF(AND(F78<TIME(8,15,0),G78>=TIME(11,55,0)),1,0)+IF(AND(F78<TIME(13,45,0),G78>=TIME(17,55,0)),1,0),IF(AND(F78<TIME(8,15,0),G78>=TIME(11,55,0)),1,0)+IF(AND(F78<TIME(13,45,0),G78>=TIME(17,25,0)),1,0)+IF(AND(F78<TIME(15,45,0),G78>=TIME(19,25,0)),1,0)) -> 3 | M78: =IF(WEEKDAY(D78,2)=7,IF(J78=2,1,""),"") | O78: =CHOOSE(WEEKDAY(D78,2),"Hai","Ba","Tư","Năm","Sáu","Bảy","CN") -> Ba
A79: 12643 | B79: HO HOANG HAI | C79: LE TAN | D79: 46239 | E79: 07:59 17:32 | F79: =IFERROR(__xludf.DUMMYFUNCTION("MIN(ARRAYFORMULA(TIMEVALUE(SPLIT(E79,"" ""))))"),0.3326388888888889) -> 0.33263889 | G79: =IFERROR(__xludf.DUMMYFUNCTION("MAX(ARRAYFORMULA(TIMEVALUE(SPLIT(E79,"" ""))))"),0.7305555555555555) -> 0.73055556 | J79: =IF(WEEKDAY(D79,2)=7,IF(AND(F79<TIME(8,15,0),G79>=TIME(11,55,0)),1,0)+IF(AND(F79<TIME(13,45,0),G79>=TIME(17,55,0)),1,0),IF(AND(F79<TIME(8,15,0),G79>=TIME(11,55,0)),1,0)+IF(AND(F79<TIME(13,45,0),G79>=TIME(17,25,0)),1,0)+IF(AND(F79<TIME(15,45,0),G79>=TIME(19,25,0)),1,0)) -> 2 | M79: =IF(WEEKDAY(D79,2)=7,IF(J79=2,1,""),"") | O79: =CHOOSE(WEEKDAY(D79,2),"Hai","Ba","Tư","Năm","Sáu","Bảy","CN") -> Tư
A80: 12643 | B80: HO HOANG HAI | C80: LE TAN | D80: 46240 | E80: 07:51 07:51 19:31 | F80: =IFERROR(__xludf.DUMMYFUNCTION("MIN(ARRAYFORMULA(TIMEVALUE(SPLIT(E80,"" ""))))"),0.32708333333333334) -> 0.32708333 | G80: =IFERROR(__xludf.DUMMYFUNCTION("MAX(ARRAYFORMULA(TIMEVALUE(SPLIT(E80,"" ""))))"),0.8131944444444444) -> 0.81319444 | J80: =IF(WEEKDAY(D80,2)=7,IF(AND(F80<TIME(8,15,0),G80>=TIME(11,55,0)),1,0)+IF(AND(F80<TIME(13,45,0),G80>=TIME(17,55,0)),1,0),IF(AND(F80<TIME(8,15,0),G80>=TIME(11,55,0)),1,0)+IF(AND(F80<TIME(13,45,0),G80>=TIME(17,25,0)),1,0)+IF(AND(F80<TIME(15,45,0),G80>=TIME(19,25,0)),1,0)) -> 3 | M80: =IF(WEEKDAY(D80,2)=7,IF(J80=2,1,""),"") | O80: =CHOOSE(WEEKDAY(D80,2),"Hai","Ba","Tư","Năm","Sáu","Bảy","CN") -> Năm
A81: 12643 | B81: HO HOANG HAI | C81: LE TAN | D81: 46241 | E81: 07:57 17:34 | F81: =IFERROR(__xludf.DUMMYFUNCTION("MIN(ARRAYFORMULA(TIMEVALUE(SPLIT(E81,"" ""))))"),0.33125) -> 0.33125 | G81: =IFERROR(__xludf.DUMMYFUNCTION("MAX(ARRAYFORMULA(TIMEVALUE(SPLIT(E81,"" ""))))"),0.7319444444444444) -> 0.73194444 | J81: =IF(WEEKDAY(D81,2)=7,IF(AND(F81<TIME(8,15,0),G81>=TIME(11,55,0)),1,0)+IF(AND(F81<TIME(13,45,0),G81>=TIME(17,55,0)),1,0),IF(AND(F81<TIME(8,15,0),G81>=TIME(11,55,0)),1,0)+IF(AND(F81<TIME(13,45,0),G81>=TIME(17,25,0)),1,0)+IF(AND(F81<TIME(15,45,0),G81>=TIME(19,25,0)),1,0)) -> 2 | M81: =IF(WEEKDAY(D81,2)=7,IF(J81=2,1,""),"") | O81: =CHOOSE(WEEKDAY(D81,2),"Hai","Ba","Tư","Năm","Sáu","Bảy","CN") -> Sáu
A82: 12643 | B82: HO HOANG HAI | C82: LE TAN | D82: 46242 | E82: 07:59 19:30 | F82: =IFERROR(__xludf.DUMMYFUNCTION("MIN(ARRAYFORMULA(TIMEVALUE(SPLIT(E82,"" ""))))"),0.3326388888888889) -> 0.33263889 | G82: =IFERROR(__xludf.DUMMYFUNCTION("MAX(ARRAYFORMULA(TIMEVALUE(SPLIT(E82,"" ""))))"),0.8125) -> 0.8125 | J82: =IF(WEEKDAY(D82,2)=7,IF(AND(F82<TIME(8,15,0),G82>=TIME(11,55,0)),1,0)+IF(AND(F82<TIME(13,45,0),G82>=TIME(17,55,0)),1,0),IF(AND(F82<TIME(8,15,0),G82>=TIME(11,55,0)),1,0)+IF(AND(F82<TIME(13,45,0),G82>=TIME(17,25,0)),1,0)+IF(AND(F82<TIME(15,45,0),G82>=TIME(19,25,0)),1,0)) -> 3 | M82: =IF(WEEKDAY(D82,2)=7,IF(J82=2,1,""),"") | O82: =CHOOSE(WEEKDAY(D82,2),"Hai","Ba","Tư","Năm","Sáu","Bảy","CN") -> Bảy
A83: 12643 | B83: HO HOANG HAI | C83: LE TAN | D83: 46243 | E83: 07:57 14:09 | F83: =IFERROR(__xludf.DUMMYFUNCTION("MIN(ARRAYFORMULA(TIMEVALUE(SPLIT(E83,"" ""))))"),0.33125) -> 0.33125 | G83: =IFERROR(__xludf.DUMMYFUNCTION("MAX(ARRAYFORMULA(TIMEVALUE(SPLIT(E83,"" ""))))"),0.5895833333333333) -> 0.58958333 | J83: =IF(WEEKDAY(D83,2)=7,IF(AND(F83<TIME(8,15,0),G83>=TIME(11,55,0)),1,0)+IF(AND(F83<TIME(13,45,0),G83>=TIME(17,55,0)),1,0),IF(AND(F83<TIME(8,15,0),G83>=TIME(11,55,0)),1,0)+IF(AND(F83<TIME(13,45,0),G83>=TIME(17,25,0)),1,0)+IF(AND(F83<TIME(15,45,0),G83>=TIME(19,25,0)),1,0)) -> 1 | M83: =IF(WEEKDAY(D83,2)=7,IF(J83=2,1,""),"") | O83: =CHOOSE(WEEKDAY(D83,2),"Hai","Ba","Tư","Năm","Sáu","Bảy","CN") -> CN
A84: 12643 | B84: HO HOANG HAI | C84: LE TAN | D84: 46244 | E84: 07:55 19:32 | F84: =IFERROR(__xludf.DUMMYFUNCTION("MIN(ARRAYFORMULA(TIMEVALUE(SPLIT(E84,"" ""))))"),0.3298611111111111) -> 0.32986111 | G84: =IFERROR(__xludf.DUMMYFUNCTION("MAX(ARRAYFORMULA(TIMEVALUE(SPLIT(E84,"" ""))))"),0.8138888888888889) -> 0.81388889 | J84: =IF(WEEKDAY(D84,2)=7,IF(AND(F84<TIME(8,15,0),G84>=TIME(11,55,0)),1,0)+IF(AND(F84<TIME(13,45,0),G84>=TIME(17,55,0)),1,0),IF(AND(F84<TIME(8,15,0),G84>=TIME(11,55,0)),1,0)+IF(AND(F84<TIME(13,45,0),G84>=TIME(17,25,0)),1,0)+IF(AND(F84<TIME(15,45,0),G84>=TIME(19,25,0)),1,0)) -> 3 | M84: =IF(WEEKDAY(D84,2)=7,IF(J84=2,1,""),"") | O84: =CHOOSE(WEEKDAY(D84,2),"Hai","Ba","Tư","Năm","Sáu","Bảy","CN") -> Hai
A85: 12643 | B85: HO HOANG HAI | C85: LE TAN | D85: 46248 | E85: 07:45 19:30 | F85: =IFERROR(__xludf.DUMMYFUNCTION("MIN(ARRAYFORMULA(TIMEVALUE(SPLIT(E85,"" ""))))"),0.3229166666666667) -> 0.32291667 | G85: =IFERROR(__xludf.DUMMYFUNCTION("MAX(ARRAYFORMULA(TIMEVALUE(SPLIT(E85,"" ""))))"),0.8125) -> 0.8125 | J85: =IF(WEEKDAY(D85,2)=7,IF(AND(F85<TIME(8,15,0),G85>=TIME(11,55,0)),1,0)+IF(AND(F85<TIME(13,45,0),G85>=TIME(17,55,0)),1,0),IF(AND(F85<TIME(8,15,0),G85>=TIME(11,55,0)),1,0)+IF(AND(F85<TIME(13,45,0),G85>=TIME(17,25,0)),1,0)+IF(AND(F85<TIME(15,45,0),G85>=TIME(19,25,0)),1,0)) -> 3 | M85: =IF(WEEKDAY(D85,2)=7,IF(J85=2,1,""),"") | O85: =CHOOSE(WEEKDAY(D85,2),"Hai","Ba","Tư","Năm","Sáu","Bảy","CN") -> Sáu
A86: 12643 | B86: HO HOANG HAI | C86: LE TAN | D86: 46249 | E86: 07:52 19:30 | F86: =IFERROR(__xludf.DUMMYFUNCTION("MIN(ARRAYFORMULA(TIMEVALUE(SPLIT(E86,"" ""))))"),0.3277777777777778) -> 0.32777778 | G86: =IFERROR(__xludf.DUMMYFUNCTION("MAX(ARRAYFORMULA(TIMEVALUE(SPLIT(E86,"" ""))))"),0.8125) -> 0.8125 | J86: =IF(WEEKDAY(D86,2)=7,IF(AND(F86<TIME(8,15,0),G86>=TIME(11,55,0)),1,0)+IF(AND(F86<TIME(13,45,0),G86>=TIME(17,55,0)),1,0),IF(AND(F86<TIME(8,15,0),G86>=TIME(11,55,0)),1,0)+IF(AND(F86<TIME(13,45,0),G86>=TIME(17,25,0)),1,0)+IF(AND(F86<TIME(15,45,0),G86>=TIME(19,25,0)),1,0)) -> 3 | M86: =IF(WEEKDAY(D86,2)=7,IF(J86=2,1,""),"") | O86: =CHOOSE(WEEKDAY(D86,2),"Hai","Ba","Tư","Năm","Sáu","Bảy","CN") -> Bảy
A87: 12643 | B87: HO HOANG HAI | C87: LE TAN | D87: 46251 | E87: 0.73263889 | F87: =IFERROR(__xludf.DUMMYFUNCTION("MIN(ARRAYFORMULA(TIMEVALUE(SPLIT(E87,"" ""))))"),0.7326388888888888) -> 0.73263889 | G87: =IFERROR(__xludf.DUMMYFUNCTION("MAX(ARRAYFORMULA(TIMEVALUE(SPLIT(E87,"" ""))))"),0.7326388888888888) -> 0.73263889 | J87: 2 | M87: =IF(WEEKDAY(D87,2)=7,IF(J87=2,1,""),"") | N87: ĐXN | O87: =CHOOSE(WEEKDAY(D87,2),"Hai","Ba","Tư","Năm","Sáu","Bảy","CN") -> Hai
A88: 12643 | B88: HO HOANG HAI | C88: LE TAN | D88: 46252 | E88: 07:57 17:34 | F88: =IFERROR(__xludf.DUMMYFUNCTION("MIN(ARRAYFORMULA(TIMEVALUE(SPLIT(E88,"" ""))))"),0.33125) -> 0.33125 | G88: =IFERROR(__xludf.DUMMYFUNCTION("MAX(ARRAYFORMULA(TIMEVALUE(SPLIT(E88,"" ""))))"),0.7319444444444444) -> 0.73194444 | J88: =IF(WEEKDAY(D88,2)=7,IF(AND(F88<TIME(8,15,0),G88>=TIME(11,55,0)),1,0)+IF(AND(F88<TIME(13,45,0),G88>=TIME(17,55,0)),1,0),IF(AND(F88<TIME(8,15,0),G88>=TIME(11,55,0)),1,0)+IF(AND(F88<TIME(13,45,0),G88>=TIME(17,25,0)),1,0)+IF(AND(F88<TIME(15,45,0),G88>=TIME(19,25,0)),1,0)) -> 2 | M88: =IF(WEEKDAY(D88,2)=7,IF(J88=2,1,""),"") | O88: =CHOOSE(WEEKDAY(D88,2),"Hai","Ba","Tư","Năm","Sáu","Bảy","CN") -> Ba
A89: 12643 | B89: HO HOANG HAI | C89: LE TAN | D89: 46253 | E89: 0.81319444 | F89: =IFERROR(__xludf.DUMMYFUNCTION("MIN(ARRAYFORMULA(TIMEVALUE(SPLIT(E89,"" ""))))"),0.8131944444444444) -> 0.81319444 | G89: =IFERROR(__xludf.DUMMYFUNCTION("MAX(ARRAYFORMULA(TIMEVALUE(SPLIT(E89,"" ""))))"),0.8131944444444444) -> 0.81319444 | J89: 2 | M89: =IF(WEEKDAY(D89,2)=7,IF(J89=2,1,""),"") | N89: ĐXN | O89: =CHOOSE(WEEKDAY(D89,2),"Hai","Ba","Tư","Năm","Sáu","Bảy","CN") -> Tư
A90: 12643 | B90: HO HOANG HAI | C90: LE TAN | D90: 46254 | E90: 07:53 19:31 | F90: =IFERROR(__xludf.DUMMYFUNCTION("MIN(ARRAYFORMULA(TIMEVALUE(SPLIT(E90,"" ""))))"),0.3284722222222222) -> 0.32847222 | G90: =IFERROR(__xludf.DUMMYFUNCTION("MAX(ARRAYFORMULA(TIMEVALUE(SPLIT(E90,"" ""))))"),0.8131944444444444) -> 0.81319444 | J90: =IF(WEEKDAY(D90,2)=7,IF(AND(F90<TIME(8,15,0),G90>=TIME(11,55,0)),1,0)+IF(AND(F90<TIME(13,45,0),G90>=TIME(17,55,0)),1,0),IF(AND(F90<TIME(8,15,0),G90>=TIME(11,55,0)),1,0)+IF(AND(F90<TIME(13,45,0),G90>=TIME(17,25,0)),1,0)+IF(AND(F90<TIME(15,45,0),G90>=TIME(19,25,0)),1,0)) -> 3 | M90: =IF(WEEKDAY(D90,2)=7,IF(J90=2,1,""),"") | O90: =CHOOSE(WEEKDAY(D90,2),"Hai","Ba","Tư","Năm","Sáu","Bảy","CN") -> Năm
A91: 12643 | B91: HO HOANG HAI | C91: LE TAN | D91: 46255 | E91: 07:59 19:31 | F91: =IFERROR(__xludf.DUMMYFUNCTION("MIN(ARRAYFORMULA(TIMEVALUE(SPLIT(E91,"" ""))))"),0.3326388888888889) -> 0.33263889 | G91: =IFERROR(__xludf.DUMMYFUNCTION("MAX(ARRAYFORMULA(TIMEVALUE(SPLIT(E91,"" ""))))"),0.8131944444444444) -> 0.81319444 | J91: =IF(WEEKDAY(D91,2)=7,IF(AND(F91<TIME(8,15,0),G91>=TIME(11,55,0)),1,0)+IF(AND(F91<TIME(13,45,0),G91>=TIME(17,55,0)),1,0),IF(AND(F91<TIME(8,15,0),G91>=TIME(11,55,0)),1,0)+IF(AND(F91<TIME(13,45,0),G91>=TIME(17,25,0)),1,0)+IF(AND(F91<TIME(15,45,0),G91>=TIME(19,25,0)),1,0)) -> 3 | M91: =IF(WEEKDAY(D91,2)=7,IF(J91=2,1,""),"") | O91: =CHOOSE(WEEKDAY(D91,2),"Hai","Ba","Tư","Năm","Sáu","Bảy","CN") -> Sáu
A92: 12643 | B92: HO HOANG HAI | C92: LE TAN | D92: 46256 | E92: 07:59 19:31 | F92: =IFERROR(__xludf.DUMMYFUNCTION("MIN(ARRAYFORMULA(TIMEVALUE(SPLIT(E92,"" ""))))"),0.3326388888888889) -> 0.33263889 | G92: =IFERROR(__xludf.DUMMYFUNCTION("MAX(ARRAYFORMULA(TIMEVALUE(SPLIT(E92,"" ""))))"),0.8131944444444444) -> 0.81319444 | J92: =IF(WEEKDAY(D92,2)=7,IF(AND(F92<TIME(8,15,0),G92>=TIME(11,55,0)),1,0)+IF(AND(F92<TIME(13,45,0),G92>=TIME(17,55,0)),1,0),IF(AND(F92<TIME(8,15,0),G92>=TIME(11,55,0)),1,0)+IF(AND(F92<TIME(13,45,0),G92>=TIME(17,25,0)),1,0)+IF(AND(F92<TIME(15,45,0),G92>=TIME(19,25,0)),1,0)) -> 3 | M92: =IF(WEEKDAY(D92,2)=7,IF(J92=2,1,""),"") | O92: =CHOOSE(WEEKDAY(D92,2),"Hai","Ba","Tư","Năm","Sáu","Bảy","CN") -> Bảy
A93: 12643 | B93: HO HOANG HAI | C93: LE TAN | D93: 46257 | E93: 07:54 12:00 | F93: =IFERROR(__xludf.DUMMYFUNCTION("MIN(ARRAYFORMULA(TIMEVALUE(SPLIT(E93,"" ""))))"),0.32916666666666666) -> 0.32916667 | G93: =IFERROR(__xludf.DUMMYFUNCTION("MAX(ARRAYFORMULA(TIMEVALUE(SPLIT(E93,"" ""))))"),0.5) -> 0.5 | J93: =IF(WEEKDAY(D93,2)=7,IF(AND(F93<TIME(8,15,0),G93>=TIME(11,55,0)),1,0)+IF(AND(F93<TIME(13,45,0),G93>=TIME(17,55,0)),1,0),IF(AND(F93<TIME(8,15,0),G93>=TIME(11,55,0)),1,0)+IF(AND(F93<TIME(13,45,0),G93>=TIME(17,25,0)),1,0)+IF(AND(F93<TIME(15,45,0),G93>=TIME(19,25,0)),1,0)) -> 1 | M93: =IF(WEEKDAY(D93,2)=7,IF(J93=2,1,""),"") | O93: =CHOOSE(WEEKDAY(D93,2),"Hai","Ba","Tư","Năm","Sáu","Bảy","CN") -> CN
A94: 12643 | B94: HO HOANG HAI | C94: LE TAN | D94: 46258 | E94: 07:56 19:31 | F94: =IFERROR(__xludf.DUMMYFUNCTION("MIN(ARRAYFORMULA(TIMEVALUE(SPLIT(E94,"" ""))))"),0.33055555555555555) -> 0.33055556 | G94: =IFERROR(__xludf.DUMMYFUNCTION("MAX(ARRAYFORMULA(TIMEVALUE(SPLIT(E94,"" ""))))"),0.8131944444444444) -> 0.81319444 | J94: =IF(WEEKDAY(D94,2)=7,IF(AND(F94<TIME(8,15,0),G94>=TIME(11,55,0)),1,0)+IF(AND(F94<TIME(13,45,0),G94>=TIME(17,55,0)),1,0),IF(AND(F94<TIME(8,15,0),G94>=TIME(11,55,0)),1,0)+IF(AND(F94<TIME(13,45,0),G94>=TIME(17,25,0)),1,0)+IF(AND(F94<TIME(15,45,0),G94>=TIME(19,25,0)),1,0)) -> 3 | M94: =IF(WEEKDAY(D94,2)=7,IF(J94=2,1,""),"") | O94: =CHOOSE(WEEKDAY(D94,2),"Hai","Ba","Tư","Năm","Sáu","Bảy","CN") -> Hai
A95: 12643 | B95: HO HOANG HAI | C95: LE TAN | D95: 46259 | E95: 08:03 17:32 | F95: =IFERROR(__xludf.DUMMYFUNCTION("MIN(ARRAYFORMULA(TIMEVALUE(SPLIT(E95,"" ""))))"),0.33541666666666664) -> 0.33541667 | G95: =IFERROR(__xludf.DUMMYFUNCTION("MAX(ARRAYFORMULA(TIMEVALUE(SPLIT(E95,"" ""))))"),0.7305555555555555) -> 0.73055556 | H95: 3 | J95: =IF(WEEKDAY(D95,2)=7,IF(AND(F95<TIME(8,15,0),G95>=TIME(11,55,0)),1,0)+IF(AND(F95<TIME(13,45,0),G95>=TIME(17,55,0)),1,0),IF(AND(F95<TIME(8,15,0),G95>=TIME(11,55,0)),1,0)+IF(AND(F95<TIME(13,45,0),G95>=TIME(17,25,0)),1,0)+IF(AND(F95<TIME(15,45,0),G95>=TIME(19,25,0)),1,0)) -> 2 | M95: =IF(WEEKDAY(D95,2)=7,IF(J95=2,1,""),"") | O95: =CHOOSE(WEEKDAY(D95,2),"Hai","Ba","Tư","Năm","Sáu","Bảy","CN") -> Ba
A96: 12643 | B96: HO HOANG HAI | C96: LE TAN | D96: 46260 | E96: 08:01 19:31 | F96: =IFERROR(__xludf.DUMMYFUNCTION("MIN(ARRAYFORMULA(TIMEVALUE(SPLIT(E96,"" ""))))"),0.33402777777777776) -> 0.33402778 | G96: =IFERROR(__xludf.DUMMYFUNCTION("MAX(ARRAYFORMULA(TIMEVALUE(SPLIT(E96,"" ""))))"),0.8131944444444444) -> 0.81319444 | H96: 1 | J96: =IF(WEEKDAY(D96,2)=7,IF(AND(F96<TIME(8,15,0),G96>=TIME(11,55,0)),1,0)+IF(AND(F96<TIME(13,45,0),G96>=TIME(17,55,0)),1,0),IF(AND(F96<TIME(8,15,0),G96>=TIME(11,55,0)),1,0)+IF(AND(F96<TIME(13,45,0),G96>=TIME(17,25,0)),1,0)+IF(AND(F96<TIME(15,45,0),G96>=TIME(19,25,0)),1,0)) -> 3 | M96: =IF(WEEKDAY(D96,2)=7,IF(J96=2,1,""),"") | O96: =CHOOSE(WEEKDAY(D96,2),"Hai","Ba","Tư","Năm","Sáu","Bảy","CN") -> Tư
A97: 12643 | B97: HO HOANG HAI | C97: LE TAN | D97: 46261 | E97: 07:57 19:30 | F97: =IFERROR(__xludf.DUMMYFUNCTION("MIN(ARRAYFORMULA(TIMEVALUE(SPLIT(E97,"" ""))))"),0.33125) -> 0.33125 | G97: =IFERROR(__xludf.DUMMYFUNCTION("MAX(ARRAYFORMULA(TIMEVALUE(SPLIT(E97,"" ""))))"),0.8125) -> 0.8125 | J97: =IF(WEEKDAY(D97,2)=7,IF(AND(F97<TIME(8,15,0),G97>=TIME(11,55,0)),1,0)+IF(AND(F97<TIME(13,45,0),G97>=TIME(17,55,0)),1,0),IF(AND(F97<TIME(8,15,0),G97>=TIME(11,55,0)),1,0)+IF(AND(F97<TIME(13,45,0),G97>=TIME(17,25,0)),1,0)+IF(AND(F97<TIME(15,45,0),G97>=TIME(19,25,0)),1,0)) -> 3 | M97: =IF(WEEKDAY(D97,2)=7,IF(J97=2,1,""),"") | O97: =CHOOSE(WEEKDAY(D97,2),"Hai","Ba","Tư","Năm","Sáu","Bảy","CN") -> Năm
A98: 12643 | B98: HO HOANG HAI | C98: LE TAN | D98: 46262 | E98: 08:01 19:30 | F98: =IFERROR(__xludf.DUMMYFUNCTION("MIN(ARRAYFORMULA(TIMEVALUE(SPLIT(E98,"" ""))))"),0.33402777777777776) -> 0.33402778 | G98: =IFERROR(__xludf.DUMMYFUNCTION("MAX(ARRAYFORMULA(TIMEVALUE(SPLIT(E98,"" ""))))"),0.8125) -> 0.8125 | H98: 1 | J98: =IF(WEEKDAY(D98,2)=7,IF(AND(F98<TIME(8,15,0),G98>=TIME(11,55,0)),1,0)+IF(AND(F98<TIME(13,45,0),G98>=TIME(17,55,0)),1,0),IF(AND(F98<TIME(8,15,0),G98>=TIME(11,55,0)),1,0)+IF(AND(F98<TIME(13,45,0),G98>=TIME(17,25,0)),1,0)+IF(AND(F98<TIME(15,45,0),G98>=TIME(19,25,0)),1,0)) -> 3 | M98: =IF(WEEKDAY(D98,2)=7,IF(J98=2,1,""),"") | O98: =CHOOSE(WEEKDAY(D98,2),"Hai","Ba","Tư","Năm","Sáu","Bảy","CN") -> Sáu
A99: 12643 | B99: HO HOANG HAI | C99: LE TAN | D99: 46263 | E99: 07:51 17:31 | F99: =IFERROR(__xludf.DUMMYFUNCTION("MIN(ARRAYFORMULA(TIMEVALUE(SPLIT(E99,"" ""))))"),0.32708333333333334) -> 0.32708333 | G99: =IFERROR(__xludf.DUMMYFUNCTION("MAX(ARRAYFORMULA(TIMEVALUE(SPLIT(E99,"" ""))))"),0.7298611111111111) -> 0.72986111 | J99: =IF(WEEKDAY(D99,2)=7,IF(AND(F99<TIME(8,15,0),G99>=TIME(11,55,0)),1,0)+IF(AND(F99<TIME(13,45,0),G99>=TIME(17,55,0)),1,0),IF(AND(F99<TIME(8,15,0),G99>=TIME(11,55,0)),1,0)+IF(AND(F99<TIME(13,45,0),G99>=TIME(17,25,0)),1,0)+IF(AND(F99<TIME(15,45,0),G99>=TIME(19,25,0)),1,0)) -> 2 | M99: =IF(WEEKDAY(D99,2)=7,IF(J99=2,1,""),"") | O99: =CHOOSE(WEEKDAY(D99,2),"Hai","Ba","Tư","Năm","Sáu","Bảy","CN") -> Bảy
A100: 12643 | B100: HO HOANG HAI | C100: LE TAN | D100: 46265 | E100: 07:45 19:31 | F100: =IFERROR(__xludf.DUMMYFUNCTION("MIN(ARRAYFORMULA(TIMEVALUE(SPLIT(E100,"" ""))))"),0.3229166666666667) -> 0.32291667 | G100: =IFERROR(__xludf.DUMMYFUNCTION("MAX(ARRAYFORMULA(TIMEVALUE(SPLIT(E100,"" ""))))"),0.8131944444444444) -> 0.81319444 | J100: =IF(WEEKDAY(D100,2)=7,IF(AND(F100<TIME(8,15,0),G100>=TIME(11,55,0)),1,0)+IF(AND(F100<TIME(13,45,0),G100>=TIME(17,55,0)),1,0),IF(AND(F100<TIME(8,15,0),G100>=TIME(11,55,0)),1,0)+IF(AND(F100<TIME(13,45,0),G100>=TIME(17,25,0)),1,0)+IF(AND(F100<TIME(15,45,0),G100>=TIME(19,25,0)),1,0)) -> 3 | M100: =IF(WEEKDAY(D100,2)=7,IF(J100=2,1,""),"") | O100: =CHOOSE(WEEKDAY(D100,2),"Hai","Ba","Tư","Năm","Sáu","Bảy","CN") -> Hai
...

Sheet TỔNG HỢP
A1: T8/2026 THỐNG KÊ CHẤM CÔNG NHÂN SỰ QUẬN 1 | D1: TỔNG
A2: STT | B2: Ten | C2: Phong ban | D2: ĐI TRỄ | E2: VỀ SỚM | F2: CHẤM CÔNG | G2: TĂNG CA | H2: PHÉP NĂM | I2: SỐ NGÀY NHẬN PHỤ CẤP CƠM CHỦ NHẬT | J2: GHI CHÚ
A3: 1 | B3: BUI THI MY LINH | C3: BAC SI | D3: =sumif('CHẤM VÂN TAY'!B:B,B3,'CHẤM VÂN TAY'!H:H) -> 0 | E3: =SUMIF('CHẤM VÂN TAY'!B:B,B3,'CHẤM VÂN TAY'!I:I) -> 0 | F3: =SUMIF('CHẤM VÂN TAY'!B:B,B3,'CHẤM VÂN TAY'!J:J) -> 0 | G3: =SUMIF('CHẤM VÂN TAY'!B:B,B3,'CHẤM VÂN TAY'!K:K) -> 0 | H3: =SUMIF('CHẤM VÂN TAY'!B:B,B3,'CHẤM VÂN TAY'!L:L) -> 0 | I3: =SUMIF('CHẤM VÂN TAY'!B:B,B3,'CHẤM VÂN TAY'!M:M) -> 0 | J3: Sử dụng 8 ca phép năm
A4: 2 | B4: PHAN THI UYEN THUY | C4: BAC SI | D4: =sumif('CHẤM VÂN TAY'!B:B,B4,'CHẤM VÂN TAY'!H:H) -> 17 | E4: =SUMIF('CHẤM VÂN TAY'!B:B,B4,'CHẤM VÂN TAY'!I:I) -> 0 | F4: =SUMIF('CHẤM VÂN TAY'!B:B,B4,'CHẤM VÂN TAY'!J:J) -> 57 | G4: =SUMIF('CHẤM VÂN TAY'!B:B,B4,'CHẤM VÂN TAY'!K:K) -> 0 | H4: =SUMIF('CHẤM VÂN TAY'!B:B,B4,'CHẤM VÂN TAY'!L:L) -> 1 | I4: =SUMIF('CHẤM VÂN TAY'!B:B,B4,'CHẤM VÂN TAY'!M:M) -> 1
A5: 3 | B5: NGUYEN MINH HANG | C5: BAC SI | D5: =sumif('CHẤM VÂN TAY'!B:B,B5,'CHẤM VÂN TAY'!H:H) -> 2 | E5: =SUMIF('CHẤM VÂN TAY'!B:B,B5,'CHẤM VÂN TAY'!I:I) -> 0 | F5: =SUMIF('CHẤM VÂN TAY'!B:B,B5,'CHẤM VÂN TAY'!J:J) -> 62 | G5: =SUMIF('CHẤM VÂN TAY'!B:B,B5,'CHẤM VÂN TAY'!K:K) -> 0 | H5: =SUMIF('CHẤM VÂN TAY'!B:B,B5,'CHẤM VÂN TAY'!L:L) -> 3 | I5: =SUMIF('CHẤM VÂN TAY'!B:B,B5,'CHẤM VÂN TAY'!M:M) -> 3
A6: 4 | B6: DO PHU DUC | C6: BAC SI | D6: =sumif('CHẤM VÂN TAY'!B:B,B6,'CHẤM VÂN TAY'!H:H) -> 98 | E6: =SUMIF('CHẤM VÂN TAY'!B:B,B6,'CHẤM VÂN TAY'!I:I) -> 0 | F6: =SUMIF('CHẤM VÂN TAY'!B:B,B6,'CHẤM VÂN TAY'!J:J) -> 65 | G6: =SUMIF('CHẤM VÂN TAY'!B:B,B6,'CHẤM VÂN TAY'!K:K) -> 0 | H6: =SUMIF('CHẤM VÂN TAY'!B:B,B6,'CHẤM VÂN TAY'!L:L) -> 0 | I6: =SUMIF('CHẤM VÂN TAY'!B:B,B6,'CHẤM VÂN TAY'!M:M) -> 4
A7: 5 | B7: TRAN DUC TOAN | C7: BAC SI | D7: =sumif('CHẤM VÂN TAY'!B:B,B7,'CHẤM VÂN TAY'!H:H) -> 76 | E7: =SUMIF('CHẤM VÂN TAY'!B:B,B7,'CHẤM VÂN TAY'!I:I) -> 0 | F7: =SUMIF('CHẤM VÂN TAY'!B:B,B7,'CHẤM VÂN TAY'!J:J) -> 69 | G7: =SUMIF('CHẤM VÂN TAY'!B:B,B7,'CHẤM VÂN TAY'!K:K) -> 0 | H7: =SUMIF('CHẤM VÂN TAY'!B:B,B7,'CHẤM VÂN TAY'!L:L) -> 0 | I7: =SUMIF('CHẤM VÂN TAY'!B:B,B7,'CHẤM VÂN TAY'!M:M) -> 4
A8: 6 | B8: NGUYEN QUOC TUAN | C8: BAC SI | D8: =sumif('CHẤM VÂN TAY'!B:B,B8,'CHẤM VÂN TAY'!H:H) -> 0 | E8: =SUMIF('CHẤM VÂN TAY'!B:B,B8,'CHẤM VÂN TAY'!I:I) -> 0 | F8: =SUMIF('CHẤM VÂN TAY'!B:B,B8,'CHẤM VÂN TAY'!J:J) -> 29 | G8: =SUMIF('CHẤM VÂN TAY'!B:B,B8,'CHẤM VÂN TAY'!K:K) -> 0 | H8: =SUMIF('CHẤM VÂN TAY'!B:B,B8,'CHẤM VÂN TAY'!L:L) -> 0 | I8: =SUMIF('CHẤM VÂN TAY'!B:B,B8,'CHẤM VÂN TAY'!M:M) -> 0
A9: 7 | B9: NGUYEN TRAN THANH TH | C9: BAC SI | D9: =sumif('CHẤM VÂN TAY'!B:B,B9,'CHẤM VÂN TAY'!H:H) -> 0 | E9: =SUMIF('CHẤM VÂN TAY'!B:B,B9,'CHẤM VÂN TAY'!I:I) -> 0 | F9: =SUMIF('CHẤM VÂN TAY'!B:B,B9,'CHẤM VÂN TAY'!J:J) -> 27 | G9: =SUMIF('CHẤM VÂN TAY'!B:B,B9,'CHẤM VÂN TAY'!K:K) -> 0 | H9: =SUMIF('CHẤM VÂN TAY'!B:B,B9,'CHẤM VÂN TAY'!L:L) -> 0 | I9: =SUMIF('CHẤM VÂN TAY'!B:B,B9,'CHẤM VÂN TAY'!M:M) -> 0
A10: 8 | B10: NGO HOANG DUY | C10: IT | D10: =sumif('CHẤM VÂN TAY'!B:B,B10,'CHẤM VÂN TAY'!H:H) -> 1 | E10: =SUMIF('CHẤM VÂN TAY'!B:B,B10,'CHẤM VÂN TAY'!I:I) -> 0 | F10: =SUMIF('CHẤM VÂN TAY'!B:B,B10,'CHẤM VÂN TAY'!J:J) -> 12 | G10: =SUMIF('CHẤM VÂN TAY'!B:B,B10,'CHẤM VÂN TAY'!K:K) -> 0 | H10: =SUMIF('CHẤM VÂN TAY'!B:B,B10,'CHẤM VÂN TAY'!L:L) -> 0 | I10: =SUMIF('CHẤM VÂN TAY'!B:B,B10,'CHẤM VÂN TAY'!M:M) -> 0
A11: 9 | B11: NGUYEN NGA UYEN CHI | C11: LE TAN | D11: =sumif('CHẤM VÂN TAY'!B:B,B11,'CHẤM VÂN TAY'!H:H) -> 1 | E11: =SUMIF('CHẤM VÂN TAY'!B:B,B11,'CHẤM VÂN TAY'!I:I) -> 0 | F11: =SUMIF('CHẤM VÂN TAY'!B:B,B11,'CHẤM VÂN TAY'!J:J) -> 60 | G11: =SUMIF('CHẤM VÂN TAY'!B:B,B11,'CHẤM VÂN TAY'!K:K) -> 0 | H11: =SUMIF('CHẤM VÂN TAY'!B:B,B11,'CHẤM VÂN TAY'!L:L) -> 2 | I11: =SUMIF('CHẤM VÂN TAY'!B:B,B11,'CHẤM VÂN TAY'!M:M) -> 2
A12: 10 | B12: HO HOANG HAI | C12: LE TAN | D12: =sumif('CHẤM VÂN TAY'!B:B,B12,'CHẤM VÂN TAY'!H:H) -> 6 | E12: =SUMIF('CHẤM VÂN TAY'!B:B,B12,'CHẤM VÂN TAY'!I:I) -> 0 | F12: =SUMIF('CHẤM VÂN TAY'!B:B,B12,'CHẤM VÂN TAY'!J:J) -> 64 | G12: =SUMIF('CHẤM VÂN TAY'!B:B,B12,'CHẤM VÂN TAY'!K:K) -> 15 | H12: =SUMIF('CHẤM VÂN TAY'!B:B,B12,'CHẤM VÂN TAY'!L:L) -> 0 | I12: =SUMIF('CHẤM VÂN TAY'!B:B,B12,'CHẤM VÂN TAY'!M:M) -> 1
A13: 11 | B13: LE NGUYEN TRAM ANH | C13: LE TAN | D13: =sumif('CHẤM VÂN TAY'!B:B,B13,'CHẤM VÂN TAY'!H:H) -> 0 | E13: =SUMIF('CHẤM VÂN TAY'!B:B,B13,'CHẤM VÂN TAY'!I:I) -> 0 | F13: =SUMIF('CHẤM VÂN TAY'!B:B,B13,'CHẤM VÂN TAY'!J:J) -> 58 | G13: =SUMIF('CHẤM VÂN TAY'!B:B,B13,'CHẤM VÂN TAY'!K:K) -> 0 | H13: =SUMIF('CHẤM VÂN TAY'!B:B,B13,'CHẤM VÂN TAY'!L:L) -> 5 | I13: =SUMIF('CHẤM VÂN TAY'!B:B,B13,'CHẤM VÂN TAY'!M:M) -> 1
A14: 12 | B14: CAO THI BICH KHUONG | C14: BAC SI | D14: =sumif('CHẤM VÂN TAY'!B:B,B14,'CHẤM VÂN TAY'!H:H) -> 10 | E14: =SUMIF('CHẤM VÂN TAY'!B:B,B14,'CHẤM VÂN TAY'!I:I) -> 0 | F14: =SUMIF('CHẤM VÂN TAY'!B:B,B14,'CHẤM VÂN TAY'!J:J) -> 57 | G14: =SUMIF('CHẤM VÂN TAY'!B:B,B14,'CHẤM VÂN TAY'!K:K) -> 0 | H14: =SUMIF('CHẤM VÂN TAY'!B:B,B14,'CHẤM VÂN TAY'!L:L) -> 0 | I14: =SUMIF('CHẤM VÂN TAY'!B:B,B14,'CHẤM VÂN TAY'!M:M) -> 4
A15: 13 | B15: NGUYEN THI MY NUONG | C15: BAC SI | D15: =sumif('CHẤM VÂN TAY'!B:B,B15,'CHẤM VÂN TAY'!H:H) -> 1 | E15: =SUMIF('CHẤM VÂN TAY'!B:B,B15,'CHẤM VÂN TAY'!I:I) -> 0 | F15: =SUMIF('CHẤM VÂN TAY'!B:B,B15,'CHẤM VÂN TAY'!J:J) -> 63 | G15: =SUMIF('CHẤM VÂN TAY'!B:B,B15,'CHẤM VÂN TAY'!K:K) -> 0 | H15: =SUMIF('CHẤM VÂN TAY'!B:B,B15,'CHẤM VÂN TAY'!L:L) -> 0 | I15: =SUMIF('CHẤM VÂN TAY'!B:B,B15,'CHẤM VÂN TAY'!M:M) -> 1
... A22: 21 | B22: TRUONG THI TOC | C22: TAP VU | D22: =sumif('CHẤM VÂN TAY'!B:B,B22,'CHẤM VÂN TAY'!H:H) -> 0 | E22: =SUMIF('CHẤM VÂN TAY'!B:B,B22,'CHẤM VÂN TAY'!I:I) -> 0 | F22: =SUMIF('CHẤM VÂN TAY'!B:B,B22,'CHẤM VÂN TAY'!J:J) -> 53 | G22: =SUMIF('CHẤM VÂN TAY'!B:B,B22,'CHẤM VÂN TAY'!K:K) -> 0 | H22: =SUMIF('CHẤM VÂN TAY'!B:B,B22,'CHẤM VÂN TAY'!L:L) -> 0 | I22: =SUMIF('CHẤM VÂN TAY'!B:B,B22,'CHẤM VÂN TAY'!M:M) -> 0
A23: 22 | B23: HUYNH PHI LONG | C23: VO TRUNG | D23: =sumif('CHẤM VÂN TAY'!B:B,B23,'CHẤM VÂN TAY'!H:H) -> 13 | E23: =SUMIF('CHẤM VÂN TAY'!B:B,B23,'CHẤM VÂN TAY'!I:I) -> 0 | F23: =SUMIF('CHẤM VÂN TAY'!B:B,B23,'CHẤM VÂN TAY'!J:J) -> 60 | G23: =SUMIF('CHẤM VÂN TAY'!B:B,B23,'CHẤM VÂN TAY'!K:K) -> 0 | H23: =SUMIF('CHẤM VÂN TAY'!$B:$B,B23,'CHẤM VÂN TAY'!$L:$L) -> 6 | I23: =SUMIF('CHẤM VÂN TAY'!B:B,B23,'CHẤM VÂN TAY'!M:M) -> 3
A24: 23 | B24: QUANG TRONG HAU | C24: VO TRUNG | D24: =sumif('CHẤM VÂN TAY'!B:B,B24,'CHẤM VÂN TAY'!H:H) -> 0 | E24: =SUMIF('CHẤM VÂN TAY'!B:B,B24,'CHẤM VÂN TAY'!I:I) -> 0 | F24: =SUMIF('CHẤM VÂN TAY'!B:B,B24,'CHẤM VÂN TAY'!J:J) -> 57 | G24: =SUMIF('CHẤM VÂN TAY'!B:B,B24,'CHẤM VÂN TAY'!K:K) -> 0 | H24: =SUMIF('CHẤM VÂN TAY'!$B:$B,B24,'CHẤM VÂN TAY'!$L:$L) -> 3 | I24: =SUMIF('CHẤM VÂN TAY'!B:B,B24,'CHẤM VÂN TAY'!M:M) -> 1
